Gene,ACC,BLCA,BRCA,CESC,CHOL,COAD,DLBC,ESCA,GBM,HNSC,KICH,KIRC,KIRP,LAML,LGG,LIHC,LUAD,LUSC,OV,PAAD,PCPG,PRAD,READ,SARC,SKCM,STAD,TGCT,THCA,THYM,UCEC,UCS
A1BG-AS1,0.235466995,-0.246332703,2.33425676,0.661407278,0.093802222,-0.034182226,0.882489817,0.65753487,1.63498123,0.776862278,-0.533329412,0.666596158,0.227007471,2.624502058,1.610826795,0.092958223,1.81214909,1.813812135,0.617239645,0.330567622,1.938235621,0.414307358,0.394422494,1.586368846,1.836433917,-0.160979038,0.601059744,1.929858432,0.999128319,1.482717956,2.34904
ADAMTSL4-AS1,-2.559373892,-1.535718053,-1.550564539,-1.737918354,-0.821042222,-1.518194821,0.154364969,-0.310101418,-3.323723728,-2.259854626,-3.475239496,-2.246309639,-2.375848276,1.616668724,-3.186557815,-2.004322117,-0.455084752,-0.943562128,-0.97993215,-1.608314613,-2.240972222,-2.109669531,-1.191800489,-2.295140385,-1.210085339,-0.520419592,-0.688426837,-1.455861639,-0.3746,-1.704484749,-1.68349037
ADPGK-AS1,-4.125510345,-4.804133149,-3.527661789,-4.306221835,-5.032195556,-4.655826403,-2.911357637,-4.32586513,-1.17425879,-4.388835053,-5.418451261,-3.832553943,-4.352536782,0.190957202,-1.364386482,-6.184668998,-2.65194463,-3.060218013,-3.937974359,-4.365836676,-4.820879739,-0.425207265,-4.649968704,-4.014736923,-3.333546718,-3.254265545,-0.392892652,-3.902817815,-3.131632035,-4.825373728,-4.199594815
ALOX12-AS1,2.109049261,1.500469139,2.130427484,1.563749684,1.801464444,1.900225752,1.704249898,2.481120095,2.697001732,1.163754448,1.717396639,2.411825609,2.450323563,3.419125926,2.971386964,1.166713043,2.032437885,1.97232957,2.462415385,1.433140974,2.028968301,2.56399551,2.185312958,2.349108462,2.592733807,1.845186477,2.498138978,2.673228385,1.835501947,2.168276873,2.625877778
AP4B1-AS1,-1.62094532,-2.51563484,-2.030724036,-2.018995886,-2.705115556,-0.590314592,-1.183360081,-0.347037116,-0.871153626,-3.735148577,-3.318968067,-2.715843213,-3.012818391,1.092899177,-1.061489861,-3.751089414,-0.959100962,-1.329394354,-1.466594083,-0.745564183,-2.091031046,-2.515151457,-0.293471394,-2.847195385,-0.873209081,-1.019127287,-0.016202236,-1.453297743,-1.216653274,-1.626558947,-0.842983704
ARAP1-AS2,-2.499882759,-4.118169396,-3.714243819,-4.637149684,-3.699988889,-2.629242301,-0.932913849,-1.651594799,-2.056572477,-5.268117794,-2.925131933,-3.546294452,-4.151468391,1.167609877,-2.018873325,-5.483634594,-1.915609901,-2.085038798,-2.30070217,-2.949465043,-2.622878431,-4.302022883,-2.125182885,-4.216900769,-2.495585339,-2.238297185,-1.926801597,-2.720524347,-1.520347611,-4.044129568,-2.676817037
BIRC6-AS1,-9.182379803,-9.336310404,-9.352752229,-9.372598418,-9.46284,-9.131477117,-9.064383299,-8.103978842,-9.222409342,-9.539155872,-9.686779832,-9.235682537,-9.441931322,-1.14376214,-9.187063911,-9.668715123,-9.02574085,-9.174136842,-8.313526036,-9.206659599,-9.317976144,-9.352689873,-9.269059902,-9.735233846,-9.018476039,-6.362295185,-8.933832907,-9.300036936,-9.123005841,-9.219227747,-8.82242963
BIRC6-AS2,-7.856733005,-7.691315206,-7.318851165,-8.171210759,-7.417902222,-7.525238982,-7.450825662,-5.970521986,-6.653072095,-8.725319929,-8.891239496,-7.192511571,-8.425541667,-0.02693786,-6.47484834,-8.589437051,-6.379882271,-6.158791268,-6.025456016,-7.350271633,-7.423848693,-7.751088526,-7.343419315,-8.68768,-5.841637856,-5.434473062,-3.37518147,-7.538455582,-7.50024531,-7.680845639,-7.056278519
BZRAP1-AS1,-0.832694089,-1.369920879,-0.2463994,-0.988525949,-1.27606,0.581821611,2.065815071,-0.040517494,1.02724468,-1.389575445,-2.533557143,-0.724076397,-1.331007759,3.430644444,1.116132589,-2.794603403,0.200788696,0.075827705,-0.502900986,-2.371965616,-0.141561438,0.346199558,0.526326406,1.349678462,-1.528568928,-0.29732299,-0.012475719,-0.944354751,2.110035752,-0.417299632,0.255731111
C1RL-AS1,0.667794581,1.115356086,1.009120822,1.285236392,1.65298,1.161871153,1.151347454,1.764301655,-1.764989269,0.767850356,-0.152743697,2.370211722,1.655642816,2.887471605,-2.165596439,1.174659357,1.580898378,1.686427516,1.055939053,1.162785673,-0.073597712,0.166970402,1.310466748,0.108141538,1.221001094,1.050948107,0.906617891,0.91312209,1.175361947,1.091180803,1.747859259
CELF2-AS1,-5.638105419,-7.432199848,-4.750927616,-7.220620253,-6.51782,-3.074828225,-1.390737271,-2.29889208,-2.871754115,-6.634025445,-5.317248739,-4.559482364,-5.849834483,1.401352675,-2.555700422,-7.220283743,-2.325718016,-2.912098206,-5.059111834,-5.672596562,-5.952667974,-5.564807829,-2.424623227,-5.786236154,-2.611909628,-3.387879726,-1.537214377,-4.417521021,-1.632036814,-5.516022051,-3.513017037
CFLAR-AS1,-0.61180197,-2.036045743,-1.592523681,-1.936444937,-0.615917778,-0.81709368,0.989804481,0.4018013,-1.810824713,-2.235477224,-1.944321008,0.009044042,-0.95785546,2.373557613,-2.146901811,-2.742071645,0.724649378,0.142546057,-1.252649507,-0.90822235,-1.640966013,-1.9260509,-0.488356479,-3.227703846,-0.04345919,0.066527147,0.032555591,0.073645962,0.277047257,-1.953122452,-1.402495556
CIRBP-AS1,0.459608374,-0.004289445,0.027316861,0.474119304,-0.153662222,-0.203479994,-1.253675967,0.287350946,-0.395367612,0.006796085,-0.595117647,-0.479353936,-0.196916379,1.065511111,-0.277231925,-0.507251607,0.071993608,0.33671697,-0.281958777,-0.18483553,0.442461438,0.562188263,-0.237285819,0.583160385,0.627184902,0.082255338,0.963610863,0.315378147,-1.00070177,0.180284121,0.251465926
CTBP1-AS,-0.642711823,-1.77206131,-1.186652468,-1.812299367,-1.296628889,-0.566508162,-0.904272301,0.037955674,-0.651917777,-2.992522954,-2.080731933,-1.792592316,-1.805880172,1.284818519,-0.666113156,-2.587497164,-0.525010439,-0.945509411,-1.287776331,-0.430922636,-0.870983007,0.413925755,-0.088343521,-1.836227308,0.212073961,-0.869350701,-0.338949521,-0.87067696,-0.978045133,-1.25114617,-0.180677037
DLGAP1-AS2,1.645823153,1.238951377,0.173383896,0.617072785,0.666324444,1.547741426,-0.513754582,0.546931087,0.465698534,-0.238983274,0.382284874,0.062015327,1.090016954,2.31995679,0.514281412,-1.170182609,1.082787415,1.512199216,1.039229191,0.118351862,0.548391503,0.730002744,1.366312714,0.939569615,0.340437637,0.787283469,2.112529712,1.26473943,-0.293382301,1.726480813,1.673360741
EAF1-AS1,-2.762734483,-3.837043675,-2.623348126,-4.05045,-3.529406667,-2.624476686,-2.77169613,-1.788163712,-2.101632717,-5.02417153,-3.543430252,-2.985703776,-3.036933908,0.776811523,-2.093647797,-3.247279017,-2.489966687,-2.554704112,-1.682686588,-3.095019198,-2.325785621,-2.371359794,-2.173585575,-3.516288462,-2.490452735,-2.054368232,-0.37516901,-2.300331829,-2.528074336,-2.471539778,-1.944295556
ENTPD1-AS1,1.647592118,0.857532699,1.604083149,0.999917405,0.418562222,1.313278361,-0.519174949,1.280119504,0.217773207,0.963602847,0.925909244,1.75721436,1.060322414,3.517877366,0.631614424,-0.479760491,1.298346758,1.523920191,0.833219921,0.305792264,1.082005556,1.064847586,1.175660147,1.042855,1.5718814,1.550485573,2.18827476,1.286209145,-0.309456283,0.972680441,1.587377037
EP300-AS1,-3.858366502,-3.583837319,-3.102290072,-2.276779114,-3.29772,-2.922311984,-5.017765988,-1.892635225,-5.160716227,-4.173035053,-3.125176471,-2.995708269,-4.34791523,0.346858436,-5.195623959,-3.200979773,-1.725617655,-2.137579904,-2.911439053,-3.664649857,-3.419638889,-3.383221568,-2.799840831,-4.973512692,-1.747836761,-2.192740289,-0.763863259,-3.820576366,-4.820095398,-3.767660433,-4.144960741
EPHA1-AS1,-4.785359113,-0.914602982,-2.308166971,-0.872199684,-3.370013333,-2.222832547,-2.209758452,-1.389004965,-4.450328516,-1.336760854,-4.895078992,-2.495554879,-3.231798563,1.545278189,-4.260718407,-4.676527977,-1.215311466,-0.812714376,-1.454283432,-3.270509742,-4.713150327,-3.412098163,-2.326102689,-2.096704615,-3.14962965,-2.010160904,-0.574077636,-3.61141152,-1.466655398,-1.728927281,-1.985322963
FAM13A-AS1,0.324669458,-0.32100089,-0.311532717,0.22549557,-0.545871111,0.320019266,1.446405092,1.431104374,1.466983458,-1.442999288,-0.360464706,0.54627777,-0.104438218,2.504598765,1.3218,-1.608421739,0.930988074,0.675159635,-1.135750493,0.411541547,-0.076667974,0.598656352,1.004024205,-0.862538462,1.975314333,-0.105760995,0.77151885,0.667136223,1.619190088,0.097068027,1.146134815
FBXL19-AS1,-0.659671429,-1.013342016,0.02049803,-1.519404747,-0.739424444,-0.705967172,-2.699314868,-0.670346217,-0.846146269,-1.58519484,-0.965102521,-0.894562253,-0.346175862,1.797893004,-0.759157333,-2.535780907,-0.477534229,-0.886760181,-0.36775641,-1.791675358,-0.97634085,-0.235809048,-0.765335208,-1.322252692,-1.423483917,-0.434976792,-0.002191374,-0.943831116,-2.411617522,-0.894111381,-0.537699259
GABPB1-AS1,1.98918867,1.927379001,2.122291401,1.730103481,2.074697778,1.953466128,0.946966191,2.343027778,2.242654433,1.147972064,1.504147059,1.534175623,1.740148851,4.717854321,2.494624321,1.892903403,2.006602645,2.200795361,2.36227002,1.352396848,2.200780719,2.617932324,2.119696577,2.486843077,2.966945514,1.609280795,3.080125559,2.571576128,1.309834513,2.344056789,3.034455556
GAS5-AS1,0.707274384,-0.261557497,0.56049278,0.247124684,0.338202222,-0.169349083,-3.165308961,-0.311255319,-0.325536689,-1.020533274,0.188033613,0.723004486,1.053592816,1.651999588,-0.062393482,-0.511229868,0.047425051,-0.324630264,0.203258974,-0.571687106,0.500728105,0.302524339,-0.141471394,0.771532308,-0.230341028,-0.048005987,-0.498286262,0.601071259,-2.582130088,0.123232428,0.141200741
IGF2BP2-AS1,-8.961843842,-7.901174457,-9.253559508,-6.969306962,-7.701948889,-6.846709849,-9.530599796,-7.256218322,-8.97653974,-4.378377046,-7.551239496,-7.48591554,-7.035389368,-0.561807819,-9.155074834,-6.847134594,-7.503557629,-5.376854961,-3.975730572,-8.066970201,-9.222637908,-8.877926874,-7.327159658,-8.736661923,-6.956357112,-4.503985212,-3.248017891,-7.493145487,-9.372422124,-8.403496402,-8.34401037
MCCC1-AS1,-1.023415764,-0.748906043,-0.856372114,-1.108749684,-0.407702222,-0.896898009,-3.067417923,0.1289026,-0.125816435,-3.218885943,-1.363,-1.190208823,-1.353274425,1.028052263,-0.193398431,-2.516046314,0.145144442,0.593829101,-0.740913215,-0.385622923,-1.502510784,-0.64106074,-0.485933252,-2.560380769,0.308426586,-1.72002275,-0.605545048,-0.010353325,-2.764269558,-1.165434341,-0.110657778
MCPH1-AS1,-1.840436946,-3.280975727,-1.668688309,-2.891442089,-2.55716,-1.938669691,-4.385240937,-1.958308392,0.041385618,-3.551825445,-0.635119328,-0.898830938,-1.402590517,0.712078189,0.27294484,-4.788098866,-2.298608483,-2.11477763,-1.192119724,-2.291737822,-0.965994771,-1.608628551,-1.835181174,-1.812869615,-2.05123151,-1.728507212,-1.222822364,-1.700746437,-3.582713097,-1.907223188,-1.423084444
MEF2C-AS1,0.18547734,-3.506496724,-1.722704891,-4.261739557,-2.672475556,-1.393653193,-1.030856008,-0.301415603,1.113381334,-4.385266904,-2.755248739,-0.815682447,-2.612972701,1.858202469,1.213466807,-4.203396597,-0.668412955,-1.682211458,-2.039961736,-2.774397994,-0.101176471,-0.468901097,-0.029980929,0.277301923,-2.026772976,-1.677348357,0.977078914,0.758813302,-1.29375823,-1.964815435,0.761278519
MYB-AS1,-9.40046798,-8.982084128,-4.973184891,-8.490235759,-9.673222222,-5.467867182,-7.879531976,-8.034422931,-9.36563841,-9.470375979,-9.9658,-9.648033108,-9.815868391,1.644780658,-9.481207725,-9.795365217,-8.252592123,-8.104355979,-8.780831164,-9.637261032,-9.590138235,-9.18234728,-5.939195599,-9.650173846,-7.57103523,-6.837769502,-6.371969968,-9.77226342,-7.442123717,-9.027421543,-9.537177037
MYCBP2-AS1,-2.590695567,-3.17704927,-2.262122064,-3.460081329,-3.515122222,-2.45732725,-3.573341344,-1.079147872,-1.337122875,-4.207516904,-2.011553782,-1.626859559,-3.028136207,0.20845144,-1.163257815,-4.511394707,-1.971650345,-2.139153102,-1.504017751,-2.807462464,-2.047328431,-2.810101977,-1.9999022,-2.600875,-0.706397593,-1.962919636,-2.803133227,-0.809364846,-3.178449912,-2.484646569,-1.298331852
NADK2-AS1,-3.243622167,-5.326770595,-3.976684297,-5.466861392,-4.289002222,-3.328148229,-7.133109369,-2.122748582,-5.450938317,-6.658707651,-5.174618487,-3.963308391,-5.421800862,0.788165432,-4.79643446,-4.110068809,-3.697417431,-3.653287919,-4.513992308,-3.235877364,-4.275439216,-4.2074955,-2.68536577,-5.565031154,-2.725538403,-2.378995622,-3.576238978,-3.579420309,-7.043643186,-5.063174224,-3.209282963
NUTM2B-AS1,3.102131527,3.630145232,3.838208502,3.47531962,3.623346667,3.543716296,3.285933401,3.80541182,2.887691633,3.295372598,2.912122689,3.244340215,3.052586207,5.301926337,3.032721062,2.682571456,3.896952677,3.931896143,3.913383432,3.195134384,3.604671895,3.73397845,3.564921271,3.129585,3.941883151,3.800098148,4.112165495,3.686358432,3.34350354,3.829014691,4.086460741
ODF2-AS1,-4.863577833,-4.15048661,-2.549556,-4.591906962,-5.34724,-4.187233514,-4.693016904,-2.365547045,-3.568934774,-6.303172064,-6.345691597,-4.268997806,-5.691318966,1.3135,-3.795052384,-7.478389792,-3.244807241,-3.269989972,-1.68816075,-4.666103438,-3.783840523,-4.121422612,-3.786743276,-6.061936154,-3.633083479,-2.647386022,0.182476997,-4.216757601,-4.6994,-4.224014964,-3.115284444
PAN3-AS1,-0.360610837,-0.341467876,-0.223823284,-0.451367722,-0.7253,0.269351973,-0.913746232,0.337434161,0.886861637,-1.453451423,-0.391178992,-0.049323962,0.071208333,2.003144444,1.054435788,-2.129463138,-0.269915108,-0.124030838,-0.055044576,-0.372695129,0.280596405,0.007011015,0.596878729,-0.008623462,-0.036405799,-0.924926627,1.294405431,1.061105701,-0.503607965,0.455201531,1.276554815
PAXIP1-AS2,1.558184729,0.766909463,1.722958021,0.619393987,1.35106,1.20336056,-0.328511813,1.315412411,1.133209112,0.291172598,2.027844538,2.245156945,2.057123276,2.40567572,1.068447254,0.637414556,1.675911553,1.330144452,1.729338659,0.78764957,1.160983987,1.804490459,1.332676773,1.444369615,1.312690153,1.549828247,1.252671885,1.687190974,0.041527434,1.189294356,1.680674074
PCBP1-AS1,3.94808867,3.529844735,4.231724054,3.868032911,3.782824444,3.713449297,3.897774745,4.323606619,3.95772841,2.977525979,3.040271429,4.341272215,3.929977874,5.282866255,3.974850754,3.615113989,4.042291611,4.145469419,4.15647574,3.397319771,4.457078758,4.167103529,4.012906601,4.091498462,4.539590591,3.821774812,4.895859744,3.981939074,4.153484248,4.646517132,5.034394074
PINK1-AS,0.739764532,0.841617494,1.05281221,0.61328481,0.1425,0.718932005,-0.915084725,0.553309929,-0.062587878,0.528107295,0.179476471,1.029942887,0.831763218,1.664672428,0.007626192,-0.592145936,0.83085783,0.792473151,1.080601381,0.428382235,0.609014052,1.428114326,0.53302665,1.241276923,1.160035339,0.783480598,0.601567412,1.429635867,-0.620716106,1.475465904,1.504453333
PPP3CB-AS1,1.460953695,1.813400729,1.748237022,1.677393038,1.353177778,1.746293727,0.814702037,1.948010284,0.685451343,1.284649466,1.526616807,1.747655437,2.008763218,3.381409465,0.920533072,0.901946881,2.150446821,2.128531737,1.60675503,1.490551289,1.509664052,2.350325798,1.941245232,0.835913462,1.774291794,1.794603808,1.734660064,2.125514371,0.904512389,1.388833999,1.260931111
PRR7-AS1,-2.275785222,-2.629527733,-2.556299046,-2.28221519,-2.917937778,-1.710012067,0.320600611,-1.918255674,-0.520085685,-3.696951957,-5.557248739,-2.468866994,-2.372316667,2.238764609,-0.617338081,-5.739156333,-2.085057731,-1.984242641,-0.75113215,-3.063390258,-1.933601634,-3.779234067,-2.104113692,-3.726000769,-0.439218928,-1.140616025,0.388311821,-3.400509739,0.075562478,-1.170642177,-2.071854815
PSMA3-AS1,4.297753695,4.199735265,4.551379748,4.437425316,4.331471111,4.531181112,3.458547454,4.753519149,4.483090249,3.481029004,4.020782353,4.036752653,4.051792241,5.624237037,4.524928365,3.589560302,4.775608473,4.644086203,4.107144379,4.222747278,4.450759477,4.60902041,4.810615648,4.209596538,4.699434136,4.105391297,4.897139297,5.193878622,3.770756991,4.726340297,5.173772593
PSMD6-AS2,-2.483107882,-3.040674571,-2.11852352,-2.682730063,-3.034544444,-1.739137426,-1.833447251,-0.594195035,-2.515061958,-3.85085089,-3.308494958,-2.626221981,-3.332060632,1.762447325,-2.407194931,-3.940168431,-1.323025118,-1.95220633,-2.458826824,-1.40987765,-2.469745752,-3.103381099,-0.995561125,-3.452607308,-0.421095624,-1.75211067,-0.80566262,-2.786262233,-1.846943894,-2.383389518,-1.509108889
RASSF1-AS1,-0.839377833,-1.096140591,-0.539521007,-1.05460538,-1.668108889,-1.257558886,0.1571,-1.059008038,-0.979462277,-1.885643772,-0.457087395,-1.360422505,0.243874138,2.17789465,-0.802743573,-0.624464272,-0.452116802,-0.807801665,-0.738116371,-1.744866476,-0.214610458,-0.454853406,-1.15095868,-0.270776923,-0.221626039,-1.552555,-0.188429712,-0.396117933,0.129252035,-0.23935969,-0.258106667
RBM5-AS1,-1.146010345,-2.410919698,-1.160572151,-2.195071519,-1.946117778,-0.449219324,-0.908641752,0.652795508,-0.49237173,-3.8356621,-1.588936134,-1.551328894,-1.988203736,1.390198354,-0.445206337,-3.695845369,-0.20065039,-0.556195193,-1.570601775,-0.450386819,-1.035648039,-1.214763938,0.197536186,-2.801212692,0.74466477,-0.737760119,-0.012879872,-0.390503682,-1.080020885,-1.398343086,-0.427545926
SAP30L-AS1,-1.544187685,-2.164045657,-0.798146091,-1.807697468,-2.231026667,-0.774777199,-1.181084929,-0.253142317,-2.410516893,-2.259500356,-1.554118487,-1.300203548,-1.830484483,1.976009465,-2.245441702,-3.744794518,-0.482941128,-1.012891802,-0.620220907,-1.404455874,-1.708469935,-1.471482703,-0.550512469,-1.707424615,-0.426570788,-0.187274029,-0.682199042,-0.725972803,-1.202704425,-1.39410841,-0.72567037
SDCBP2-AS1,1.389153695,0.379950616,0.915204457,0.221239557,0.552302222,0.515249402,-0.262404684,1.05085922,1.100197798,-0.105579359,1.197594118,0.700048789,1.198202011,2.895122222,1.24026035,-0.006103781,1.420854607,1.331437186,1.273393688,0.428139542,1.878760784,1.272101216,0.811886553,0.706121154,0.976947702,0.882002518,1.564936422,1.638201069,0.027110796,1.060094346,1.670617778
SEMA3F-AS1,0.08479803,-0.518439467,-0.35064327,-0.711798101,-0.970951111,-0.004392439,0.456546232,0.620115603,-0.001586095,-2.107910676,-0.912831933,-0.720436215,-0.825632471,2.154506173,-0.115032589,-1.483879206,0.462366888,0.193663219,0.146601578,-0.015112894,0.218121242,-0.040520791,0.446177017,-1.056341538,1.024416193,-0.395225264,1.287021086,0.354224228,0.496436991,-0.136344293,0.57334963
SP2-AS1,-0.260051232,0.334460319,0.549019529,0.370350949,-0.24148,-0.154356513,-2.805512627,-0.251320449,0.068461874,-0.513557829,-1.100261345,0.364757732,0.832222126,1.427026749,0.464409958,-0.705033837,0.280305275,-0.071642216,0.545306114,-0.577152149,0.15925098,0.104269377,-0.296141076,0.684589231,-0.273506346,-0.065714615,-0.829821406,0.929620903,-2.509906372,-0.007551508,0.202782222
SPAG5-AS1,0.195993103,-0.27527448,0.212467651,-0.352161709,-0.477482222,0.233087509,0.112125866,0.786469504,0.623983383,-1.35851637,-1.092148739,0.170890407,-0.205549713,3.130785185,0.583874593,-0.573268053,0.577384238,0.627003609,-0.533817949,-0.199035244,0.434710784,-0.455226868,0.526075306,-0.510396538,0.905898031,-0.05338394,2.931986262,0.239756057,0.08089823,-0.240633866,0.543799259
SRP54-AS1,-1.164099015,-0.815103137,-0.814228016,-0.255557278,-0.303842222,-0.683310576,-0.385389409,-1.023239362,-2.112725681,-1.004923665,-0.572311765,0.07205523,0.580320977,1.494778601,-1.97413446,-0.038903214,0.125945522,-0.071222739,0.225867456,-1.279673066,-0.962150654,-0.636478832,-0.837107579,-0.202316538,-0.397442998,-0.460292387,0.682564856,-0.735994537,-0.30125823,0.198233646,0.227142963
SSBP3-AS1,-1.373228079,-3.180149203,-1.93425298,-2.210080063,-2.766753333,-1.306416006,-3.413739715,-0.345230142,-1.262334309,-3.45147331,-3.153253782,-2.457253977,-3.483416667,1.647475309,-1.166582076,-3.439493384,-1.624685446,-1.739602399,-0.7075643,-1.900712894,-1.282630392,-1.968565975,-0.862327628,-2.566480769,-0.467875055,-1.127620258,-0.676734185,-2.502497031,-3.051742655,-1.566512968,-0.524526667
ST3GAL4-AS1,2.134549754,1.412939485,1.074140241,0.661326582,0.438953333,-0.218969464,1.821012424,0.175043144,0.351918829,0.449928114,0.645252101,0.21895695,0.189242529,2.379989712,0.520618769,-0.428025709,1.247916297,1.222378936,1.365862919,-0.672283954,1.679269281,0.779431221,-0.030627384,1.754284615,-0.046839168,-0.426864993,0.396203514,-0.693518646,1.789753805,0.951990963,1.16788
STARD4-AS1,0.256995567,-2.980776368,-0.814960057,-1.839449684,-1.149566667,-0.737176665,-3.700045621,-0.350467376,-0.134496855,-2.543119395,-1.647829412,0.134767865,-0.700189368,0.638862551,-0.100432046,-2.538206805,-0.634741074,-0.79851815,-0.565349901,-1.298738682,0.01886732,-1.402639891,-0.199961858,-0.732757692,-0.240376586,-1.193984031,-0.531239936,-1.598726366,-2.931089204,-0.738892516,0.453812593
TAPT1-AS1,0.527348276,-0.260782223,0.402889736,-0.431521203,0.107973333,0.245285401,-1.240411609,0.595350236,-1.217774948,-1.040181851,0.286957983,-0.114087494,0.067553161,1.431654321,-1.119438383,-1.316560302,0.280596367,-0.019026035,0.563689152,0.355229513,0.450465033,0.668043467,0.453793888,-0.671288462,0.453300547,0.519755299,0.101152396,0.490381591,-1.020084248,0.166411483,0.488282222
TCEB3-AS1,1.814838916,1.563027366,1.624109012,1.402324684,0.841122222,1.315080705,0.408537067,1.104526359,1.28352595,1.296687189,0.928383193,1.409024809,1.740048276,2.657972016,1.348494448,1.072953308,1.370341256,1.69442918,2.008686785,0.891656734,1.71495915,2.599151942,1.231317848,1.892595,1.826992341,0.948326731,1.752642173,1.847910333,0.75517469,1.714844055,1.982576296
TMCC1-AS1,0.20059064,-1.135736103,-0.036757383,-1.104476266,-1.328457778,-0.726990509,-2.084823422,-0.825162293,0.33075456,-2.478912633,-1.776728571,0.135282502,-0.47721523,2.852857202,0.709566083,-1.82217259,-0.65200032,-0.644238657,0.877569034,-0.637374212,0.057219608,0.929462388,-0.592633741,0.358664231,-0.365137965,-1.061190967,0.599778914,-0.522543705,-1.733689735,-0.009874799,0.864327407
UCKL1-AS1,-1.422284729,-2.519754987,-2.215769604,-2.201484494,-2.738362222,-1.241269542,-2.148851527,-0.14923156,-1.69501991,-2.544647509,-1.747005042,-3.016929148,-2.769506609,0.554652263,-1.74761557,-3.85529603,-1.25057245,-1.32314312,-0.906945759,-1.84982894,-1.124960784,-2.463313178,-0.816278973,-2.815566538,-1.222324726,-1.123547816,-1.365016933,-2.492209739,-2.213277345,-1.685907765,-1.076991852
YEATS2-AS1,-1.168699507,-0.68395599,-0.65133767,-0.481281329,-1.380633333,-0.396518762,-1.285658248,0.406020922,1.004212451,-1.462025267,-2.426430252,-0.927297373,-1.664088793,1.924409465,0.867108932,-2.93186087,-0.117819405,0.604988535,-0.170886982,-0.799573639,-1.146450654,-0.754038227,-0.043779218,-1.195042308,0.50943523,-0.871107475,0.366938658,-0.47392304,-0.987227788,-0.482558109,0.577354815
ZBTB11-AS1,-0.101573892,0.556863931,0.340088167,0.581081013,-0.136397778,-0.15921766,-1.740372505,0.19742234,-0.875075487,0.681200534,0.528708403,0.201686893,0.84063592,1.180067078,-0.639699819,-0.778195841,0.535013461,0.807419149,0.458959566,-0.525324928,0.331700654,0.379549564,-0.230607579,0.402444615,0.150151641,-0.166026317,0.793855911,0.97317601,-1.433738407,0.497791749,0.625182963
