Entry,C1,C2,C3,F1,F2,F3
R4GJ21,4834,3687,6836,378,641,803
F1P3X1,4540,3651,7067,418,661,879
F1P493,4317,2950,5640,311,560,648
F1P3W8,4278,3089,5713,321,564,717
R4GIG1,3356,2368,4157,214,416,484
R4GLP6,3275,2543, ,60,131,261
F1P3X4,3246,2354,4381,244,447,557
R4GMK5,2933,2026,4404,200,427,423
P13538,2929,2022,4330,200,424,423
P02565,2879,2159,3843,206,413,472
F1NJ08,2441,1660,1129,3568,4603,3554
P09654,2159,1389,1010,3259,3818,3169
P19121,1960,2152,1608,2831,2530,3250
F2Z4L6,1905,2017,1561,2699,2474,3126
P68139,1826,1747,3052,694,729,765
P00356,1764,920,1918,773,554,981
F1NH87,1759,915,1912,768,551,977
P08023,1719,1647,2872,698,706,748
P68034,1719,1647,2872,698,706,748
F1P476,1719,1647,2872,698,706,748
P63270,1705,1638,2859,686,696,734
F1N8P3,1656,1588,2783,632,666,685
F1P2F0,1337,2380, ,2106,1342,2299
P15989,1332,2369, ,2088,1338,2281
Q5ZMQ2,1280,1046,827,1376,1258,1413
P53478,1276,1044,827,1375,1254,1411
P60706,1276,1044,827,1375,1255,1411
F1NDC6,1059,650,1428,56,112,140
F1NM49,863,421,1290,54,106,108
P00565,840,680,1233,85,185,225
P29616,800,367,1133,48,88,97
E1C523,794,613, ,69,133,186
F1NII7,751,647, ,638,1108,1048
P09244,700,593,432,777,730,885
P13585,688,368,1481,53,74,88
E1BQC2,684,550,364,668,627,737
F1NYB1,648,510,395,649,589,722
P02789,642,529,385,666,593,702
P09206,625,500,384,636,570,700
F1P1D5,588,366, ,53,102,101
F1NCD4,566,315, ,621,582,611
P02609,564,477,921,68,94,135
P14105,563,315, ,619,580,607
P00548,529,350,579,214,256,278
F1NW43,524,336,543,232,285,300
P15988,522,801,526,941,501,1071
R4GKA6,522,801,526,941,501,1071
G1K342,521,444,352,576,514,637
P02604,518,358,712,66,118,145
P20785,510,906,476,792,566,952
F1NFE0,510,906,476,792,566,952
P20111,505,383, ,84,99,111
Q90WH5,501,321, ,46,88,88
P02552,501,353,290,724,694,758
R9PXQ0,495,370, ,82,99,110
F1NHT3,494,333, ,439,456,506
P32882,478,399,311,544,471,544
G1K338,478,396,311,544,472,547
P07322,463,448,979,66,116,100
F1NWP3,456,272,253,347,360,367
P11501,452,206,261,375,347,387
P07751,441,290, ,386,399,453
P02605,430,298,563,65,100,130
F1NZG0,430,298,563,65,100,130
P17785,425,283,237,420,398,471
F1N9J7,419,307,249,597,621,610
P09653,416,342,266,408,375,444
P08110,415,256,187,385,339,429
F1NWB7,415,256,187,385,339,429
H9L340,412,349,393,363,404,423
O73885,406,235,220,297,294,309
P01994,399,238,327,622,816,713
Q5ZLC5,391,349,363,352,400,404
F1NZ78,368,268,362,239,328,260
F1NDE8,367,267,190,491,809,607
F1N8D4,364,179, ,334,311,325
F1NXR6,363,259,250,518,415,492
H9KZK6,351,285,230,522,358,480
F1N8A8,345,102,73,270,325,217
E1BWG0,345,102,73,270,325,217
E1C2S1,344,207, ,380,333,372
R4GJH8,341,245, ,360,382,425
F1ND51,340,243, ,359,380,423
P51913,340,247,338,215,304,234
P09203,338,289,201,431,372,423
P54939,333,199, ,369,321,360
F1NW97,319,206,211,453,379,444
P12276,316,97,67,248,295,195
Q789A6,304,209, ,422,266,353
P13731,304,517,236,468,403,535
F1NVN4,301,139,173,250,226,266
F6U7Z0,300,218, ,5,15,26
Q90835,299,261,179,472,280,408
P12620,298,174,467,7,20,22
A0A0A0MQ44,298,174,467,7,20,22
Q90734,297,162, ,241,228,212
F1N8W3,293,352, ,504,269,424
F1NDL1,292,259, ,13,16,40
Q90593,292,211, ,263,270,324
F1NFS0,291,254, ,284,221,289
F1NGF6,288,212, ,14,13,25
R4GK33,288,252, ,282,218,283
Q90705,287,251, ,281,218,284
Q03669,286,220, ,72,83,95
A0A0A0MQ65,286,220, ,72,83,95
Q5ZL72,282,167,172,205,191,197
P05094,279,178, ,259,151,195
Q5F420,279,98, ,322,431,299
F1P4N9,279,327, ,489,250,398
F1P4L6,278,161,435,7,17,22
R9PXN5,275,181, ,248,149,195
R9PXN4,274,178, ,242,146,192
P09652,270,219,156,333,307,359
O93532,269,70,40,86,103,94
P09645,260,203,174,411,360,383
P00940,258,278,333,173,214,208
F1P088,255,197,94,294,511,353
Q8JG64,251,167,140,236,250,278
P17153,251,135,122,360,359,341
F1NJI0,251,135,122,360,359,341
F1NMU4,248,210,147,287,275,326
F1NI22,239,186,240,229,272,269
E1BZ05,237,227, ,151,162,98
F1NVG9,234,211, ,316,243,274
E1BWX1,234,211, ,316,243,274
P10587,232,84, ,204,147,88
P27731,232,143,140,330,194,365
F1NKL4,231,166, ,262,219,213
F1NGA2,231,180,232,219,261,257
P28675,230,803,308,424,285,530
E1BRE9,230,803,308,424,285,530
Q9W6H0,230,422,257,293,288,431
F1NNW0,229,184, ,7,16,19
Q02173,228,182, ,7,16,19
F1N9S7,228,216,96,362,175,277
R4GHG5,225,107,138,232,112,278
F1NW23,218,143, ,248,236,261
F1NMP5,217,200,149,312,312,291
E1C5Z5,216,129, ,13,28,33
P09102,216,220, ,256,253,271
F1N9H3,216,209,120,256,238,271
E1BY44,213,89,53,143,183,152
F1NDN9,211,48,11,50,47,57
Q01841,209,87,52,141,182,150
E1BXA5,207,79, ,185,136,84
Q90635,207,155,105,273,247,278
Q71SG2,207,155,105,273,247,278
F1P5B0,206,144,139,316,308,314
P09642,205,142,137,313,307,311
P09644,204,148,147,317,216,293
F1NPC4,202,152, ,10,27,38
Q5ZMW1,200,126, ,107,110,113
P16419,198,198, ,6,8,14
P02542,194,178, ,126,161,91
F1NX22,193,944, ,733,126,663
P13648,192,144, ,215,187,215
P13944,187,929, ,720,117,646
E1BV34,187,114,70,197,239,176
F1NG74,186,127,216,90,143,96
H9L0H3,183,106, ,129,157,116
F1N9H4,182,127,144,264,110,189
E1BVT3,181,159,214,163,185,179
Q7SX63,178,139, ,147,179,168
E1C0M1,177,54,63,111,160,193
Q5ZMU9,175,129, ,156,180,168
Q9I9D1,175,124,218,164,211,176
P09643,175,159,115,265,278,248
O93256,172,46,11,49,45,56
P12003,171,74, ,172,181,150
H9KZP5,171,38,24,48,62,37
P04268,168,79, ,42,30,38
R4GM10,168,145,176,101,123,127
Q5ZLN1,168,85,280,47,70,77
F1NMP3,168,152,107,220,260,218
F1NCZ2,163,151, ,217,176,205
F1NM23,163,79, ,39,29,38
P51901,161,151, ,214,181,183
F1NU17,161,134, ,89,77,96
F1NJT3,159,132, ,400,148,210
F1NT57,159,113,83,153,168,138
P08106,158,130, ,125,161,150
F1NY82,156,83, ,162,149,153
P51903,156,133, ,87,75,94
E1BTT8,156,64,175,50,60,56
F1P5V6,156,124,272,27,45,52
F1NGM0,153,64,47,124,198,133
P00340,152,60,168,47,60,54
P02606,151,119,261,27,43,51
P02112,151,39,122,211,256,247
F1NHM9,151,74,253,33,54,62
F1NYY0,148,68, ,151,160,130
F1NED9,148,103, ,47,53,58
F1NSY1,147,44,61,90,98,86
F1NJT4,145,118, ,358,140,191
F1NAC6,145,95,122,88,119,118
F1NK40,144,175, ,227,127,139
F1P494,143,141,96,231,98,199
Q5ZMI4,142,87,53,132,89,108
F1NKR8,142,87,53,132,89,108
Q04619,141,57,66,121,86,104
F1NC33,141,57,66,121,86,104
P10184,140,124,91,216,200,172
F1P360,139,201, ,222,143,224
H9L1F4,138,88,62,123,189,157
Q8AWI4,138,59, ,38,26,34
O93510,136,98, ,199,148,214
F1NI29,136,101, ,106,94,103
P19204,136,113,249,7,5,17
F1NQT9,136,113,249,7,5,17
P02457,133,426, ,291,144,393
E1BT93,131,54,55,84,104,77
R4GJT7,129,94, ,118,145,171
Q5ZIR7,129,56,59,106,162,94
P08070,129,114,79,173,226,175
P98157,128,86, ,139,132,151
F1NN63,128,91, ,51,43,59
F1P1A5,128,46,38,127,132,103
Q5ZME2,128,62,87,84,78,91
F1NI75,126,59, ,115,209,152
F1NKF3,126,93, ,193,138,202
F1NCM5,125,99,64,129,110,139
F1P5H0,124,106, ,9,12,18
F1NIJ6,121,138, ,90,84,98
Q8JFP1,119,62,69,120,101,81
H9KYT1,118,92, ,103,116,109
E1BR38,118,38,36,84,82,77
F1P269,117,31,29,65,52,52
P07341,117,55,31,83,137,120
E1BV78,117,78,58,129,150,155
F1NX83,116,87, ,13,11,15
Q5ZJ23,116,38,36,83,84,76
F1N9Z6,114,80, , ,4,8
E1C3E2,114,80, , ,4,8
F1NP51,113,86, ,102,111,126
P14448,113,101, ,162,169,157
F1P4V1,113,101,76,162,169,157
F1N9Z7,113,50,68,114,82,95
R9PXN1,112,59,65,111,97,76
P24367,112,45,61,130,50,146
F1P180,111,48,98,66,75,76
Q92108,111,112,51,151,100,148
F1NG39,110,69, ,135,150,136
H9L366,110,99, ,77,85,86
H9L0J1,108,27,21,130,113,121
Q02020,108,75, ,132,139,145
F1NUL9,108,75, ,132,139,145
P00508,108,42,94,63,75,74
F1NT30,107,82,70,122,138,156
F1P2J5,107,86,40,121,117,130
F1P5F9,106,74, ,128,134,141
F1NV93,106,38,57,119,43,134
Q5F3T9,105,58, ,96,84,106
R4GJ67,105,71,48,90,77,95
P09572,104,31,47,72,71,63
Q5ZME1,104,62,51,90,99,92
Q5ZLA6,103,64, ,125,140,125
P19352,103,57, ,22,22,23
P14732,102,76, ,93,103,115
Q9YGL9,102,66,171,32,32,40
F1NNV0,102,66,171,32,32,40
F1NMN2,102,96,78,152,131,142
P07583,102,127,69,160,116,173
Q5F424,101,66,52,93,90,90
R4GFR3,98,64, ,103,102,118
Q5ZJZ2,98,71,64,92,79,97
F1NFY2,97,34,29,88,127,88
F1P0H9,97,604, ,221,135,259
Q05706,96,50, ,19,19,19
Q90838,96,40,44,113,202,113
E1C3A9,95,109, ,128,110,116
F1N8P1,95,44, ,104,105,102
P09207,95,58,65,108,96,143
Q5ZI39,94,37,29,113,100,101
E1C7T4,94,139,91,129,100,150
Q5ZJK8,93,39, ,67,57,70
F1NK38,93,39,57,67,57,70
P0CB50,93,53,54,78,66,74
P02467,92,585, ,210,131,250
F1P3P3,92,74,40,104,117,102
P79795,91,41,28,97,94,94
F1NS48,91,70,49,128,94,137
Z4YJB8,91,44,41,100,70,106
Q5ZMG9,90,52, ,86,70,71
P00337,90,57,74,118,137,91
Q09121,90,58,82,72,63,65
A0M8T8,90,17,22,47,63,41
F1NDY9,89,49, ,72,62,84
P24797,89,31, ,30,41,32
Q5ZJ54,89,36, ,88,79,67
F1NWH9,89,36,54,88,79,67
P18359,89,42,35,92,70,98
F1NTC8,89,57,167,27,21,23
P02001,89,36,68,121,145,128
P31335,88,60, ,67,63,71
Q5XKY5,88,60, ,66,61,69
R4GG24,88,55,46,103,96,97
P00789,87,71, ,85,69,82
H9KZP6,87,27,15,32,39,52
Q5ZKC9,87,52,38,91,115,81
F1NYC4,86,41, ,91,75,93
F1NT56,86,52,41,96,90,83
H9KZF8,86,31,58,55,52,70
E1C0Q5,85,52,60,64,92,72
E1BZE6,85,40,43,88,41,69
O93277,84,43, ,89,94,84
F1NRI3,84,43, ,89,94,84
H9L385,84,76,81,127,169,89
F1NN16,84,60,53,92,59,99
F1NYA9,84,59,54,85,44,78
E1C8M9,83,38,35,79,86,84
F1NC38,82,42, ,69,52,68
Q5ZMD1,82,38, ,65,90,54
Q5ZI60,82,53,23,82,45,85
E1C1I6,82,47,40,88,87,78
P35431,82,17,14,38,58,38
H9L3L2,81,100, ,113,74,103
F1NZ86,81,43, ,56,64,53
F1NLV4,81,68,33,99,94,100
P21566,81,42,95,35,23,39
P51890,81,97,68,104,81,142
Q90875,80,31,24,74,58,64
F1NEF6,80,46, ,39,59,50
F1P0K1,79,93, ,119,59,103
Q5ZM98,79,42, ,55,63,51
P33150,79,39,20,59,81,67
F1P5T8,79,39,20,59,81,67
Q90899,79,24,32,82,151,86
P21642,78,23,2,7,13,6
F1NHE8,78,26,20,60,93,64
F1P3F9,77,55,53,61,69,71
R4GKX1,77,51,39,97,90,84
F1P179,76,62, ,88,70,68
F1NY25,76,31,22,70,53,59
F1P2T2,76,59, ,132,147,127
E1C2P9,75,47, ,64,77,65
P11722,75,61, ,203,70,104
Q5ZJA7,75,38, ,53,53,58
Q5F411,75,56, ,87,83,77
F1NK96,75,83,46,87,64,74
P22451,75,51,43,94,82,81
F2Z4K4,75,51,43,94,82,81
P11602,75,11,22,63,70,62
P02607,75,69,69,78,87,82
R4GH03,74,58, ,87,68,68
F1NC26,74,36, ,56,43,44
Q6EE31,74,28, ,77,74,74
F1NGJ7,74,35,28,56,80,65
F1NNK5,74,52,120,2,7,15
E1C0H5,73,35, ,51,51,46
R4GL15,73,56, ,8,6,8
P08250,73,69, ,104,107,129
F1P593,73,75, ,53,45,43
P0C1H4,73,73,58,103,69,118
Q9PSW9,73,73,58,103,69,118
P0C1H3,73,73,58,103,69,118
A0A0A0MQ64,73,73,58,103,69,118
F1NI05,72,58, ,50,57,61
H9KZP2,72,27,25,32,68,46
E1BTT4,72,48, ,53,72,58
F1NPJ4,72,79, ,63,56,65
P63247,72,55,37,94,65,96
R4GGI4,72,27,28,30,65,42
H9L3K0,72,46, ,43,31,43
P05081,72,57,87,15,16,24
Q00649,72,75, ,53,45,43
P35062,72,71,49,86,57,92
P70082,72,72,49,86,57,92
P02263,72,71,49,86,57,92
E1C3A6,71,90, ,73,80,108
F1NNR1,71,30, ,32,38,41
Q9I8D6,71,35, ,67,66,74
Q5ZII1,71,67, ,81,80,90
F1NZJ2,70,27, ,49,66,41
Q5ZMT0,70,73, ,83,79,96
P14315,70,35,40,59,49,46
F1NI79,70,125, ,113,88,133
P05122,69,58,40,50,93,79
F1N8J0,69,63,36,67,43,54
Q05705,69,41, ,23,17,24
Q90631,68,41, ,62,76,59
F1P587,68,52, ,83,105,99
F1P455,68,40, ,68,72,66
P15771,68,47, ,64,54,57
F1NU40,68,47, ,64,54,57
E1C0F1,68,43,32,68,47,59
P08284,68,26,27,55,50,65
P81021,67,93, ,109,92,101
F1NEF2,67,24, ,68,71,62
H9KZI4,67,31,46,74,77,59
F1NBV0,67,55,41,46,76,55
F6SG96,67,31, ,57,38,51
E1BZR1,67,32, ,57,38,52
F6UGI5,67,41,31,64,84,59
E1BU93,67,63,93,4, ,10
E1BWG1,66,51, ,64,53,55
Q08200,66,45,42,70,49,80
P38024,65,32,37,57,64,52
R9PXP8,65,32,37,57,64,52
F2Z4K7,65,58,51,74,62,74
Q9YHT1,65,75, ,57,52,61
Q5ZHZ0,65,45, ,72,76,72
E1BR45,64,24, ,65,59,58
Q5F426,64,38, ,33,37,34
Q8QH01,64,32,15,111,135,144
F1N823,64,28, ,35,42,41
F1N8Q1,64,46,48,72,63,62
E1C6A1,63,51, ,35,28,34
F1NPA9,63,32, ,53,62,54
F1P582,63,40, ,49,54,49
F1NVF3,63,72, ,63,43,94
H9L074,63,41, ,40,28,37
E1BR14,63,26,12,37,45,34
P84229,63,43,27,68,28,54
E1BT53,62,57, , , , 
Q9YGW6,62,24,14,34,45,31
F1NIX2,62,46, ,65,40,57
Q5ZIY8,62,56, ,70,62,60
P08286,62,26,26,53,49,60
P19966,62,24,6,82,10,41
F1NCU9,62,31,23,45,44,69
E1C0T6,61,31,24,77,66,66
F1NZ04,61,56, ,21,30,31
P08285,61,23,26,50,43,56
Q90952,61,33,23,43,46,69
Q07460,61,23,48,40,45,34
F1NRM8,61,26,21,36,47,49
F1NSZ5,60,15, ,36,48,33
E1C544,60,32, ,75,94,60
F1P336,60,46, ,64,53,56
E1BR61,60,56, ,21,31,32
P09987,60,26,26,51,42,63
F1NPJ2,60,26,26,50,42,63
F1NP23,59,29, ,51,48,53
E1C866,59,49,23,78,59,55
P00368,59,43, ,46,60,52
O93467,59,29,34,71,59,60
Q5ZKI1,59,31,24,40,43,47
R4GHX2,59,80,38,99,69,118
E1C7P4,58,57, ,77,64,68
F1NLP7,58,31, ,69,52,54
Q90WD0,58,30,37,61,70,55
P07228,58,23,27,59,56,51
F1N8N7,58,25,27,59,56,51
F1P4H4,58,56, ,60,51,69
Q5ZJF4,58,47, ,37,71,45
F1P463,58,34,20,75,56,53
R4GJK8,58,32, ,57,63,52
H9KYX6,58,32, ,57,63,52
F1P2P9,58,64,38,73,68,83
P81628,58,22,20,30,43,46
F1NP60,57,65, ,69,67,88
F1NBS9,57,28,18,43,71,58
P47826,57,46, ,72,72,74
R4GKX4,57,31,25,64,31,51
P08287,57,26,24,49,49,59
F1NEG6,57,36,29,47,52,46
A4UNW1,57,43, ,7,8,13
H9KZ27,57,19,14,24,29,40
P16039,57,34,23,59,55,70
F1NVA4,57,33,25,66,56,70
R4GKZ0,57,33,34,55,36,62
Q5ZHR4,56,34, ,49,34,42
P24798,56,25, ,33,40,33
F6SU00,56,36,24,39,40,43
E1BXC2,56,25,36,37,24,59
P08288,56,28,26,48,52,59
F1NME1,56,28,26,49,52,59
Q9YH06,56,23,11,63,48,60
F1NUQ3,56,31,29,79,117,82
Q9YGQ1,56,38,37,57,30,58
R4GJS6,55,65, ,86,89,66
E1BY12,55,45, ,75,84,72
F1NE72,55,24, ,48,49,45
E1BR47,55,36, , ,4,5
E1C0X2,55,36, , ,4,5
F1NFD9,55,27, ,27,41,36
F1NJ97,55,27, ,27,41,36
Q90W83,55,30,25,25,38,42
F1NJ73,55,25,21,46,50,43
Q5F3D2,55,32,20,35,40,40
P02611,55,41, ,7,8,13
P68246,55,70, ,5,13,17
E1BUD3,55,70,130,5,13,17
R4GJP9,55,70,43,82,45,77
F1NB52,54,52, ,71,58,70
F1NY05,54,36, ,54,43,47
E1C453,54,36,28,54,42,59
F1NU79,54,27,29,50,42,42
F1P3F1,54,20, ,46,44,35
Q5F464,54,26, ,56,36,40
F1NZ30,54,48,28,40,73,64
O57391,54,38,82,50,49,42
P80566,54,35,41,59,52,51
Q5ZIA5,53,47, ,67,59,68
H9KZT6,53,63, ,82,87,62
F1NNX7,53,20, ,37,52,37
E1C3Y5,53,43, ,74,46,58
Q9PU45,53,35, ,61,90,55
E1BVH4,53,30,17,49,38,40
F1NQD9,53,35, ,61,90,55
F1NVD4,53,18, ,31,21,21
Q90577,53,36, , ,4,5
F1P2A6,53,32,19,43,46,46
Q5ZLD1,53,43, ,39,41,42
Q5ZMJ6,53,34, ,23,23,19
P07630,53,27,40,75,76,103
F1NK75,53,35, ,30,17,23
O57535,53,56,57,62,55,77
P43347,53,10,43,39,30,32
F1NMM5,53,43,27,77,87,87
Q5ZLW0,52,24,19,46,48,51
Q5ZIQ3,52,33, ,46,44,54
F1NP63,52,20,19,53,49,48
H9L0I0,52,33, ,46,44,54
F1NJH2,52,8, ,12,18,19
F1NB66,52,42, ,69,69,69
F1NN08,52,21,35,59,47,47
Q5ZJ70,51,32, ,48,36,41
Q5ZLK7,51,32, ,47,42,43
H9L1C2,51,6,8,14,19,7
Q90864,51,14,48,74,67,79
E1C4Z6,50,31,16,54,59,46
E1C6J4,50,31,16,54,59,46
Q5F3B9,50,32, ,29,36,29
F1NSP8,50,24, ,55,51,48
F1NZU2,50,34,24,71,53,52
E1BW98,50,31,21,58,39,53
Q04205,49,30, ,58,51,58
Q02391,49,45, ,62,48,63
D5LPR1,49,25, ,50,38,47
E1BSN7,49,25, ,17,20,19
F1NH81,49,38, ,55,49,52
F1NIM4,49,21,25,47,34,41
P49024,49,18,17,43,38,39
E1C852,49,16,19,59,17,30
E1BZG4,49,32,39,51,41,53
H9L0R7,49,25, ,11,14,15
E1C4M0,49,31,35,59,45,53
P08629,49,38,18,31,24,34
F1NGP9,49,17,16,37,46,42
E1C2R8,48,32, ,41,40,46
Q5ZIZ0,48,19,20,33,44,38
Q5ZMH1,48,43, ,61,69,58
P11009,48,100, ,8,9,13
E1BQD1,48,29,27,34,25,25
F1NAD3,48,100, ,8,9,13
Q5ZJ56,48,34,29,42,29,51
F1NJ54,48,32, ,35,30,27
F1NCV1,48,32, ,35,30,27
F1NCI6,48,34,29,42,29,51
P24032,48,30,21,57,34,40
E1C6R9,48,30,21,57,34,40
F1NJ23,47,24, ,29,44,34
E1C016,47,39, ,62,52,53
Q5ZKP6,47,27, ,37,44,39
E1C0F3,47,30,21,44,37,53
Q6PVZ5,47,21,24,25,61,33
E1BTG1,47,38,37,35,31,49
Q5ZL80,46,27, ,43,39,48
F1NJW0,46,24,14,42,91,54
F1NXN8,46,48, ,42,53,35
F1NNS1,46,23, ,48,31,57
F1N9U8,46,27, ,28,32,20
E1BYN7,46,22, ,22,30,18
Q5ZHX1,46,26,22,57,54,47
E1BV75,46,22,17,45,46,29
F1N8B2,45,45, ,60,47,61
F1P2G4,45,27, ,60,27,48
F1NMN7,45,20, ,30,50,30
F1NGS7,45,19,33,51,25,44
P50890,45,32,41,36,53,61
F1NA76,45,43,23,43,39,49
E1C3A1,44,22, ,48,52,42
P00504,44,50, ,33,37,39
F1NTM7,44,52, ,34,35,37
P47836,44,30, ,42,42,40
F1NFC6,44,30, ,42,42,40
P12105,44,39, ,45,50,59
P48440,44,21,33,45,28,54
F1N8F0,44,7,16,37,91,35
P53449,44,38,44,28,27,29
F1NHL2,43,13,16,41,38,32
E1C7H6,43,81, ,84,39,76
F1NDH2,43,37, ,80,42,75
F1NIB4,43,15,16,25,22,31
P67966,43,11,12,31,31,27
F1NTV6,42,25,13,43,41,42
R4GKQ7,42,23, ,42,28,66
F1NEA1,42,23, ,42,28,66
Q5ZMB8,42,10,18,26,21,25
Q5ZMK3,42,33, ,35,38,40
F1NS75,42,25,9,11,17,24
F1P5K0,42,27,17,38,31,42
Q5ZML3,42,25, ,41,36,43
F1NMY1,42,21, ,31,37,24
E1C7A7,42,53,23,48,50,56
R4GGE2,42,32, ,61,26,61
F1NNS8,42,37,32,56,42,54
E1BYD4,42,22,10,33,43,37
F1NZL2,41,11, ,37,34,16
F1NV96,41,7,3,6,25,24
F1NAM2,41,26, ,40,64,39
F1NCI1,41,31, ,49,57,41
E1C155,41,15, ,22,39,23
O42484,41,29, ,57,55,54
F1NPG2,41,25, ,50,46,54
Q07598,41,12, ,21,40,23
E1C8K3,41,4,5,15,12,20
F6QGI8,41,17,5,16,7,7
P70081,41,32,37,55,59,60
P62801,41,32,37,55,59,60
E1BVC4,41,20,13,26,42,34
E1BW21,40,47, ,76,19,41
P14731,40,25, ,40,62,39
E1BX02,40,27,18,42,39,39
P20136,40,28, ,42,31,31
H9KZN0,40,11, ,3,7, 
F1NT28,40,15,18,25,36,29
F1NIX0,40,46, ,28,24,40
E1BZS2,40,21, ,32,39,28
P0C1H5,40,30,29,43,35,50
F1P555,39,36,22,36,34,35
P28497,39,26, ,32,24,34
F1NB64,39,14,5,34,33,29
F1NSS4,39,13,11,20,38,22
Q5ZM25,39,11, ,27,16,25
Q5ZM32,39,15, ,34,22,32
E1BZH9,39,20, ,33,23,27
E1BZE1,39,35,20,29,37,43
E1C5P6,38,22, ,57,48,47
F1P4P8,38,25,16,38,32,33
E1C3D8,38,22,11,31,46,38
E1BVJ5,38,13,20,36,27,33
E1C7M7,38,14,11,37,21,31
E1C6N5,38,28, ,25,26,22
F1NB68,38,17,15,33,27,28
Q5F3W6,38,22, ,26,38,23
F1NG53,38,26,23,31,33,32
H9L213,38,26,23,31,33,32
Q9DDD4,38,60,41,52,40,52
F1NLT8,38,27,21,39,31,43
Q90694,38,33,17,49,36,43
F1P3U1,37,21, ,18,28,19
F1NDL4,37,15, ,35,29,29
E1C8W4,37,29, ,54,33,32
E1BWX4,37,4,7,23,22,20
F1P0X3,37,27,16,41,39,35
P84172,37,23, ,23,40,28
Q5ZM58,37,27,30,40,36,30
E1C6C1,37,39, ,38,26,37
R4GJN7,37,63,33,62,38,60
H9KZN4,36,16, ,26,50,20
R4GH26,36,48, ,59,32,68
F1P331,36,23,20,36,38,31
E1C6M8,36,25,16,27,19,30
F1ND55,36,36, ,40,39,56
P27463,36,8, ,8,12,5
Q5ZLK5,36,43, ,47,21,47
F1P1W4,36,43, ,46,20,47
F1NJC7,36,8, ,8,12,5
P53488,36,12,14,28,31,25
F1N954,36,13,17,17,29,21
F1P0Y6,36,10,12,21,25,16
F1P304,36,21, ,28,31,19
E1BR10,36,40,31,33,21,36
P08940,36,6,24,50,25,48
F1NEF7,36,6,24,50,25,48
R4GG92,36,30,27,52,26,37
E1BUZ5,36,32,25,44,42,54
E1BVF4,35, , , , , 
P21872,35,16,10,20,37,18
A0A547,35,16,10,20,37,17
R4GHA5,35,25, ,31,33,37
F1NKE8,35,14,10,17,23,14
Q9DEA3,35,16,15,23,21,23
F1NE70,35,19,21,24,51,19
F1NSB6,34,21,9,38,32,32
E1C2F9,34,8,5,41,41,32
P35458,34,23, ,34,37,34
E1C007,34,19,10,30,44,33
F1NNZ9,34,19,10,30,44,33
F1NM08,34,19, ,31,27,32
Q5ZLQ6,34,31, ,34,37,32
F1NJ10,34,13, ,32,29,21
Q5ZIZ5,34,22,15,39,34,36
Q05744,34,22,14,27,23,22
Q5ZM36,34,19,19,32,28,32
Q9PSX7,34,15,21,49,36,35
F1P1L8,34,16,14,37,29,33
H9L011,34,25,27,37,29,48
F1NY09,34,32,19,37,29,34
R4GLQ4,34,11,4,15,5,6
F1NEQ6,34,11,16,39,15,27
F1NJF0,34,17,25,24,25,20
E1BSS3,33,24,14,36,34,30
E1C459,33,14,6,49,39,34
Q5ZL57,33,23, ,41,29,37
F1P5J5,33,34, ,31,28,39
R9PXM7,33,23, ,41,29,37
E1C700,33,23, ,34,32,23
Q5F418,33,21, ,25,36,23
Q5ZJ60,33,10, ,23,11,16
P34065,33,21, ,41,35,33
F1NI89,33,13,14,29,15,17
F1NSP7,33,16, ,31,23,24
F1NH33,33,12,12,22,44,21
Q5ZKJ2,33,26, ,30,29,29
Q45QT1,33, ,13,44,53,20
E1C4W4,33,37, ,37,20,43
O42265,33,12,16,15,27,19
P13127,33,18,21,24,22,30
R4GJZ8,33,16,16,24,19,25
P50147,33,26, ,52,40,36
H9KZ88,33,26, ,52,40,36
F1NIZ6,33,14,21,34,27,36
F1NWT0,32,6,2,19,27,20
F1NJ69,32,24,10,33,40,31
R4GJP6,32,18, ,25,27,24
E1BVD1,32,18, ,25,27,24
F1NIL0,32,18,8,27,34,18
E1BZY9,32,7, ,55,89,56
E1C4H5,32,17, ,52,61,44
F1NSA8,32,23,17,43,46,38
P47838,32,35, ,29,28,33
R4GH31,32,23,22,27,29,28
F7BYQ2,32,35,23,29,29,33
P84175,32,42,22,38,34,40
Q5ZJV5,32,20, ,24,39,28
P18660,32,12,43,24,4,15
E1C1Q2,31,77, ,90,44,87
P11029,31,6,2,18,27,19
Q5ZIT7,31,16, ,33,38,32
Q5ZHU4,31,14,9,38,25,23
P10039,31,14,11,142,4,29
F1NAD9,31,14, ,16,18,19
F1NY37,31,13,10,36,47,35
F1NSZ4,31,10, ,23,24,19
E1BY52,31,53, ,70,24,71
F1P284,31,13, ,32,32,31
F1P188,31,9, ,18,9,15
F1NBW2,31,11,10,25,31,22
D5M8S2,31,14, ,22,34,26
Q8UW59,31,14, ,22,33,24
F1NJD6,31,3,5,11,7,11
F1NRM5,31,10,12,24,29,21
E1BS06,31,13,14,22,22,24
F1NZY9,31,26, ,43,28,31
H9L016,31,20,21,32,40,36
E1C8D8,31,20,21,32,41,36
P49702,31,5,20,38,18,25
Q9W7I5,31,12,14,26,12,22
F2Z4M0,31,12,14,26,12,22
E1BY89,31,26,24,31,22,35
P87362,30,23, ,36,28,23
F1N8F4,30,13,11,131,4,28
E1BW84,30,20, ,29,24,33
H9L0F7,30,15, ,17,18,26
E1C0J4,30,16, ,25,33,23
F1NYI3,30,28, ,29,24,38
F1N8Y3,30,23,17,23,39,28
E1BSL7,30,12, ,28,19,25
Q5ZHL7,30,16,16,16,15,16
R4GF49,30,12, ,15,22,18
R4GHB8,30,12, ,15,22,18
F1NB02,30,26,21,27,28,38
F1NRN9,30,15,21,43,31,32
P84247,30,27,14,28,17,27
E1C2A1,30,17,12,22,15,24
F1NER9,30,17,16,27,57,26
P02128,30,7,22,48,33,42
F1NMZ3,30,7,22,48,33,42
P00174,30,13,11,33,44,39
F1P4V6,30,7,21,23, ,19
F1NAK4,29,14, ,30,21,33
F1P064,29,12, ,29,33,29
F1NWX6,29,35, ,45,50,42
F1NV47,29,15, ,32,41,31
E1C784,29,18,14,34,48,45
E1BUD8,29,16,7,21,20,21
E1BUP6,29,35, ,40,27,37
Q92178,29,18,8,31,55,35
E1BR22,29,18,8,32,54,37
F1NPC3,29,49, ,66,22,67
Q90647,29,11,10,24,31,22
Q5F3T2,29,19,12,23,34,26
Q5ZK84,29,19, ,38,24,38
F1N9F8,29,19, ,38,24,38
E1C903,29,25, ,29,27,30
Q5ZLF0,29,18,18,27,30,21
F1NH21,29,18,18,27,30,21
E1C658,29,27, ,19,18,22
E1C697,29,38,16,25,4,24
E1C8Z5,29,16,9,26,6,28
E1BXF4,29,25,17,33,21,37
Q98TF8,29,31,21,35,17,26
F1N9J4,29,31,21,35,17,26
F1NSS0,28,11, ,46,37,44
P26932,28,6,5,38,5,8
F1NG70,28,18, ,40,26,21
Q805F9,28,6, ,28,24,20
E1BSG5,28,15,8,25,22,19
F1P4I8,28,6, ,28,24,20
E1C5U6,28,3, ,14,6,16
O13154,28,15,10,25,43,24
Q9PU47,28,32, ,20,6,12
E1C9C4,28,5, ,4,3,2
F1NEB4,28,43, ,39,53,48
F1NUT6,28,19,11,20,31,19
F1P150,28,8,10,25,38,24
F1N8Z4,28,19, ,28,22,24
F1N822,28,18, ,43,12,37
F1NR44,28,16, ,19,14,16
F1NBP2,28,11,9,21,30,18
Q9PTG6,28,18, ,25,37,30
Q90YH9,28,9,5,17,17,18
E1C8Z0,28,20, ,39,25,33
Q5ZI00,28,15, ,28,21,19
E1BZF9,28, , , , , 
H9L107,28,12,11,18,23,32
H9KZ26,28,11,8,16,22,13
F1NPX5,28,14,8,27,33,33
F1NGU3,27,6, ,20,41,17
E1BUA1,27,7, ,24,29,25
Q01406,27,14,9,26,33,18
F1NU55,27,14,10,27,35,19
F1NV49,27,27, ,28,21,23
Q5ZL33,27,15, ,23,29,23
P11799,27,6,6,42,18,18
F1NBW8,27,13, ,29,25,24
F1NWA8,27,9,7,23,27,20
F1NQ78,27,6,6,42,18,18
E1C906,27,6,6,42,18,18
E1C3D2,27,18,10,33,26,23
Q5ZMA2,27,22,13,27,25,28
F1NBG2,27,17, ,40,24,41
Q06066,27,24,21,23,28,17
E1C041,27,8, ,9,9,11
F1NKY2,27,24,21,23,28,17
F1NFC0,27,24,21,23,28,17
E1C1G8,27,19, ,17,19,19
R4GFV3,27,37,28,41,47,62
F1NDC2,27,24,13,25,16,27
P11533,26,19, ,3,4,2
F1NP30,26,8,5,27,28,18
F1NMC3,26,12,6,18,20,14
Q5ZM11,26,18, ,22,23,17
F1NFP5,26,18, ,23,24,18
E1BQU2,26,9,5,17,14,22
Q5ZMS3,26,15, ,30,26,17
Q5F3X8,26,41, ,37,53,46
F1NPF0,26,15, ,30,26,18
P16924,26,36, ,47,18,48
Q5ZKU5,26,19, ,27,26,29
P32429,26,19, ,30,30,39
E1BT08,26,7,16,17,18,10
H9KZC8,26,13, ,27,24,27
F2Z4L5,26,19, ,30,30,39
F1NEW0,26,25, ,31,21,26
P43233,26,6, ,37,22,30
F1N9D8,26,6,12,37,22,30
E1C8Z8,26,7, ,24,18,20
R9PXN3,26,7,4,15,15,14
Q04584,26,10,8,18,19,15
R4GL55,26,15,17,21,31,34
P36377,26,30, ,40,27,34
F1P291,26,35,13,41,28,36
H9L135,26,15,15,23,22,17
F1P4F4,26,18,14,29,14,24
Q6JLB2,26,9,13,23,26,17
P02259,26,11,21,45,36,60
P20763,26,34,17,20, ,32
R9PXM5,26,34,18,21, ,32
E1BXY4,25,23,8,25,17,22
Q6PVZ1,25,2, ,4,4,2
Q8UVD9,25,15, ,30,25,25
F1NHA9,25,33, ,23,6,14
R4GL04,25,15, ,19,13,18
F1NU73,25,11, ,18,18,20
F1NWN4,25,10, ,33,26,23
F1NBD1,25,10,8,24,27,24
F1NPM6,25,27, ,19,27,27
P08836,25,22, ,33,47,24
H9KZD7,25,10,6,23,33,20
F1NLX2,25,16,7,23,28,22
Q5ZJW4,25,15,12,29,16,22
E1C1D1,25,13, ,24,42,21
E1BXS5,25,23, ,20,17,20
F1NT93,25,17, ,24,20,30
F1NIY7,25,6,9,31,27,23
Q5ZKI0,25,16, ,22,19,25
E1C3I7,25,16, ,18,17,20
F1NG22,25,16,16,18,17,20
Q5ZLU8,25,27,10,39,19,34
R4GK42,25,27,10,39,21,34
Q8JIG5,25,26,13,18,25,20
F1P130,24,19, ,16,12,19
F1NJM8,24,30, ,30,13,21
Q90WU3,24,24, ,25,19,21
Q5F3X4,24,20,7,31,29,27
Q5ZJ61,24,13, ,22,10,22
F1NY29,24,16, ,19,16,15
O13268,24,17, ,24,25,20
E1BX85,24, ,4,8,10,8
F1NGX1,24,14, ,32,30,22
F1P4W1,24,23, ,22,23,24
F1NQC3,24,7,6,12,15,11
Q5ZMN3,24,21,18,20,29,24
Q90732,24,13, ,25,17,21
Q58I02,24,6,9,11,7,8
F1NHT7,24,6,7,16,13,12
P18302,24,13, ,16,20,15
E1BXG9,24,13,11,23,29,15
E1BUB6,24,9,10,12,13,11
F1P1B7,24,17, ,21,19,25
H9KYP7,24,17,18,29,29,34
R4GM21,24,51,27,23,22,28
P16053,24,36,11,27,18,36
R4GHS8,24,36,10,27,17,36
F1NUT7,24,36,11,27,18,36
F1NZZ2,23,8,4,12,9,6
F1P3D8,23,18, , ,9,6
F1NID6,23,25, ,28,22,29
Q5ZJI7,23,8,5,23,21,24
F1NXB0,23,15,7,46,22,36
Q5ZKX2,23,22, ,31,26,27
P21265,23,6, ,4,10,5
F1P456,23,6, ,25,24,19
Q5F3R8,23,14,6,25,39,29
F1NYT7,23,14,3,13,19,18
E1BSX2,23,16,12,37,22,24
F1P1K3,23,3,4,34,23,29
F1P3D9,23,10, ,11,16,12
F1NWI3,23,10, ,11,16,12
Q5ZI72,23,12,12,21,14,17
R4GKF5,23,25,10,28,10,28
R4GK40,23,11, ,17,8,12
P79781,23,11,13,15,21,16
F1NC02,23,14,18,20,23,18
R4GHM4,23,19,19,24,29,29
F1NYZ7,23,23,13,34,28,28
F1NF30,23,21,15,16,15,18
F1NS97,22,15, ,2,4,2
E1BZT5,22,13, ,20,19,18
F1NLW8,22, ,3,17,26,20
R4GHW9,22, ,3,17,26,20
F1NKB6,22,18, ,13,12,12
Q8UWC5,22,16, ,29,21,23
E1C2C3,22,9,5,21,17,18
R4GHK7,22,33, ,32,39,38
Q5ZLI9,22,15, ,21,27,23
P48463,22,14,10,26,24,28
Q5ZM47,22,15,10,26,24,26
E1BR00,22,6, ,4,10,5
Q9YHT2,22,19, ,14,15,12
F1NNF7,22,19, ,14,15,12
Q5ZKZ8,22, ,7,19,29,16
F1P0Y7,22,12,8,24,18,23
Q5ZKG5,22,13, ,18,10,14
Q5ZI99,22,10,8,19,17,22
E1BUA6,22,18, ,32,22,31
F6RW83,22,12, ,16,11,17
P50146,22,11,6,32,18,21
E1BXS2,22,11,6,32,18,21
F6SU35,22,28,15,25,18,24
E1BSH9,22,16, ,2,11,4
F1P2Q3,22,9,14,15,21,13
F1NYG4,22,14,15,28,19,28
O93481,22,7,8,17,15,12
P80226,22,9, ,5,6, 
A0A140T8G0,22,9, ,5,6, 
Q5ZMD6,22,15,11,27,20,30
P02272,22,15,11,27,20,30
P18944,22,17,16,24,18,19
F2Z4M5,22,15,11,27,20,30
Q90955,22,18,8,22,25,22
E1BQQ4,21,6,3,28,24,23
R4GLW9,21,6,3,28,24,23
F1P0G8,21,14, ,47,10,22
F1NZ25,21,20, ,21,22,27
F1NZS9,21,18, ,28,26,33
Q5ZMP6,21,12, ,19,20,19
F1NCS8,21,19, ,29,25,25
P26008,21,11, ,27,25,15
R4GLY9,21,14, ,18,27,21
F1NXW9,21,9, ,9,21,17
O93601,21,23, ,28,27,42
F1NGB1,21,17, ,27,28,28
R4GMA1,21,13, ,18,17,26
Q90965,21,20, ,30,37,36
F1NW38,21,14, ,23,30,23
F1N9I5,21,13,8,20,15,19
B3TZB3,21,12,5,18,27,22
E1C3L7,21,27, ,39,44,39
O93327,21,18, ,26,19,26
P42558,21,17,11,20,15,21
F1N833,21,19,15,16,27,22
E1C7T1,21,10,13,29,24,32
Q5F4A3,21,11,8,22,10,16
H9L047,21,11,8,22,10,16
F1NNH9,21,11, ,18,8,15
E1C006,21,24,13,34,24,21
R4GID9,21,11,13,27,23,28
F1NUH4,21,5,8,21,22,19
F1NQH8,21,20,16,19,19,17
P21611,21,2,3,16,16,18
F6R347,21,21,17,25,21,30
Q90629,21, , , , , 
F1NP19,21, , , , , 
E1C2I9,20,9, ,13,26,18
E1BW56,20,7,5,25,19,15
E1C0I2,20,12, ,16,17,13
F1NDP0,20,2, ,4,4,2
F1P257,20,15, ,26,22,16
R4GHM7,20,15, ,24,28,20
F1P0A1,20,7, ,19,20,16
O57579,20,4, ,9,10,5
F1NAU1,20,10,6,32,28,19
R4GF99,20,4, ,9,10,5
F1NUS2,20,21, ,32,28,28
Q5ZJX6,20,11, ,20,18,16
Q9PTR5,20,4,6,30,21,18
F1NZA1,20,9,7,18,15,18
F1NHT5,20,15, ,19,23,24
F1NFV9,20,25, ,16,16,28
P42292,20, , ,13,11,10
E1C6H2,20,9,6,19,14,19
P16580,20, ,4,8,9,5
P62207,20,9, ,19,21,14
F1P4I7,20,13,10,17,10,21
E1C5E0,20,14,7,19,28,26
F1NNI2,20,15, ,22,6,12
Q5ZIA3,20,17,10,21,13,22
Q5ZL39,20,10, ,21,24,16
E1BQN9,20,7,8,13,21,11
E1C6L8,20,9,11,7,19,16
E1C524,20,16,7,23,31,33
F1NDP5,20,24,8,22,20,20
Q5ZLI2,20,12,9,15,19,20
E1BRW0,20,20, ,36,31,35
E1BUH7,20,6,7,22,15,21
R4GIY4,20,10,5,11,18,10
R4GHN5,20,10,5,11,18,10
E1C6T8,20,19,13,18,16,21
R4GME2,20,11,13,17,21,18
E1C8Y9,20,11,13,17,21,18
C7G537,20,13,10,19,15,22
E1BSJ2,20,6,8,18,9,10
F1P2A1,20,7,11,9,10,9
R4GK14,20, ,8,16,25,17
E1BYQ6,19,10,4,16,17,17
F1NCS6,19,23, ,27,29,28
E1BYG8,19,10, ,17,15,20
F1NLS6,19,9,3,14,13,17
Q8UWG7,19,16, ,20,14,25
F1N8Z0,19,10,10,23,34,23
F1NCF1,19,12, ,22,19,24
Q5ZJ08,19,13,6,12,12,13
F1NC65,19,11, ,13,27,24
F1NZ81,19,8, ,12,16,8
F1NJU7,19,13,6,12,12,13
Q9I9K9,19,7,2, ,2,3
F1NXN3,19,7,2, ,2,3
Q5ZK10,19,8, ,18,14,17
F1NF29,19,9,9,20,36,18
E1C3T6,19,18, ,15,26,11
E1BT77,19,6, , , , 
F1NXH1,19,10, ,14,17,10
R4GJX7,19,11, ,16,22,13
Q8AXV0,19,13,9,18,18,22
F1NHH9,19,4, ,32,23,24
E1C7S2,19,17, ,19,10,22
F1NTJ5,19,12,8,33,26,29
Q5ZKN2,19,11,9,32,55,31
Q5ZLG1,19,9, ,23,36,22
F1NUU6,19,11, ,7, ,6
F1NDG1,19,5, ,13,17,10
F1NT19,19,11, ,8,9,8
H9KZU7,19,12, , , , 
Q5F3Y0,19,10,4,15,11,13
R4GFJ6,19,12, , , , 
Q90WA9,19,7, , ,2, 
F1N9W9,19,15,12,26,25,25
Q5ZKA2,18,8, ,14,24,13
F1P399,18,8, ,14,24,13
E1BY27,18,16, ,23,23,20
Q6JHU8,18,38, ,32,20,29
H9L3J8,18,8, ,15,13,12
F1NBD0,18,8, ,10,19,10
F1P2G9,18,6, ,15,18,17
E1BSP8,18,27, ,30,17,25
Q90828,18,11, ,13,19,10
F1NLE7,18,11, ,19,17,15
E1BSS1,18,22, , ,3, 
F1NM36,18,11, ,11,7,3
Q9PW72,18,10, ,25,9,19
Q9IAY5,18,6,7,21,19,15
A0A140T8I2,18,6,7,21,19,15
E1C4M6,18,8, ,17,17,13
Q5ZKE7,18,11,5,18,19,16
F1NT20,18,10, ,11,18,15
R4GHR1,18,11,5,18,19,16
Q5ZJZ5,18,4, ,31,23,24
R4GFH1,18,11,7,23,27,21
E1BWJ7,18,13,6,10,10,11
F1NS91,18,14, ,36,17,18
F1NMA2,18,6,6,19,23,21
E1BVT0,18,12,8,24,29,26
F1N876,18,6,5,12,11,19
F1NQW8,18,9,10,13,14,12
F1NRH9,18,9,10,13,14,12
E1C043,18,13, ,17,16,22
E1C6X1,18,11,5,10,6,10
Q90679,18,8,4,11,7,11
A0A140T8F6,18,8,4,11,7,11
P02612,18,6,6,22,12,3
F1NRX4,18,8,9,15,12,13
H9L027,18,10,10,40,15,19
O93480,18,9,9,18,10,17
F1NW06,18,13,8,23,14,22
F1NA05,17,8,5,14,13,17
F1NH05,17,5,4,24,41,25
Q8AWB8,17,11,3,14,21,13
E1BYP1,17,4, ,10,17,10
P26446,17,7,4,14,7,9
F1NL05,17,7,4,14,7,9
F1NST1,17,10,8,14,23,12
F1NPR7,17, , ,3,3, 
Q5ZK03,17,7,6,18,16,12
F1P4A7,17,11, ,22,13,13
F1P0M2,17,7, ,16,31,19
E1BQU4,17,10, ,24,21,22
E1BQF9,17,8,8,20,20,15
Q5ZJQ6,17,6, ,20,25,10
Q00944,17,9,3,13,12,17
Q5ZLX2,17,7,12,17,19,21
Q5ZK88,17,17, ,19,18,16
Q7SZI5,17,6,5,20,21,15
E1C9H8,17,11, ,14,14,19
F1NS13,17,11, ,11,8,9
F1P4I0,17,16, ,10,6,11
F1P375,17,6,5,20,21,15
F1NB94,17,15, ,25,29,20
Q5ZLC7,17,12,15,22,20,21
H9L2J4,17,11,8,15,16,14
E1BX43,17,14, ,32,21,24
R4GLK3,17,10, ,19,19,18
R4GIZ0,17,10, ,19,20,19
R4GGJ0,17,13, ,27,19,24
Q5ZMC1,17,8,10,10,7,11
Q5ZLY3,17,10,11,11,18,13
F1P563,17,21, ,25,11,27
F6R1X6,17,8,6,13,9,12
P67881,17,14, ,10,17,16
Q5ZHW8,17,20,15,20,17,28
F1NMM2,17, , , , , 
F1NCA2,17,8,12,18,10,16
E1BS56,17,16,10,38,27,51
O57476,17,9,12,12,13,14
P08636,17,15, ,30,18,25
F1N8J8,17,7,7,13,9,10
R4GLP7,17,6,15,9,11,10
Q5F3Z3,17,7,11,15,24,20
Q90879,17,6, ,13,26,15
F1P0N2,17,16, , , , 
Q5F419,17,15,14,13,12,14
F1NV18,17,3,10, , , 
P02450,17,42,15,10, ,59
H9L110,17,42,15,10, ,59
R4GIF9,17,42,15,10, ,59
R4GLQ9,17,42,15,10, ,59
R4GL63,17,42,15,10, ,59
H9L3M8,17,42,15,10, ,59
E1BUS3,16,9, ,18,27,21
E1BZI5,16,8,6,25,56,31
R4GMC7,16,7,5,12,14,14
F1P2G5,16,5, ,17,18,10
R4GJQ2,16,7, ,11,17,14
E1BST6,16,12, ,9,5,14
E1C2K6,16,15, ,11,11,7
E1BRJ9,16,2,3,8,17,6
E1BV44,16,8,5,12,18,14
E1BST5,16,12, ,9,5,14
Q04929,16,5,8,7,13,10
P50593,16,3,3,11,21,10
Q5ZIN1,16,10, ,13,11,14
R4GHT7,16,10,6,17,14,21
F1P5K6,16,7,4,13,7,9
P40618,16,3, ,14,15,11
F1NQU7,16,11, ,19,13,13
A0A0A0MQ46,16,3, ,14,15,11
P49712,16,20,6,20,13,22
E1BZ03,16,13, ,14,9,13
H9L0K3,16,9, ,21,13,13
E1BU27,16,6, ,26, ,9
E1C7F4,16,9, ,7,9,11
F1NGG2,16,6,3,14,14,13
F1NJF3,16,12, ,10,20,8
F1P1X9,16,10, ,10,8,8
F1NEI9,16,7, ,18,13,9
P84173,16,9,10,6,23,15
F1ND23,16,13, ,10,18,16
H9KYN8,16,9, ,22,9,19
F1NBJ2,16,8,7,23,13,12
R4GIQ2,16,11,5,14,14,19
R4GHG4,16,13, ,9,9,9
R4GMB6,16,10,10,18,28,10
Q5ZIT5,16,9,8,12,17,15
F6RHH1,16,6,6,14,14,9
F1NBC2,16,4, ,13,16,20
Q5ZMG0,16,8,5,15,6,8
F1P470,16,8,5,15,6,8
E1C9B8,16,9, ,6,16,6
E1C080,16,10,8,12,19,17
E1C0T1,16,10,7,14,12,19
F1NJ37,16,8, ,20,11,13
Q98932,16,13, ,15,17,12
F1NEZ9,15, , , , , 
Q9DD46,15,5,5,9,20,11
E1BYN1,15,4, ,6,8,11
P05083,15,7,5,12,15,9
Q5ZLP8,15,4, ,14,9,10
Q5ZL56,15,10, ,11,9,6
F1NPT0,15,5, ,16,19,16
E1C0V6,15,8, ,19,32,20
Q5ZJQ2,15,5, ,9,13,7
F1NQR2,15,5, ,11,8,9
F1NG10,15,13, ,11,8,15
Q5ZJ21,15,9, ,26,13,12
F1NE97,15,10, ,13,11,14
F1NH40,15,5, ,7,4,3
E1BQI4,15,8, ,8,15,10
Q5ZMW3,15,2, ,11,11,8
F1NIP5,15,11, ,15,10,10
F1NAM6,15,8,6,16,20,16
Q90ZK7,15,8, ,11,11,12
F1NYM4,15, ,6,16,8,15
R4GFN4,15,7, ,13,13,10
Q90623,15,7, ,15,13,6
F1NA71,15,7, ,15,13,6
F1NIX4,15,7, ,8,7,10
E1BRL9,15,7,12,11,21,15
F1NUE0,15,12, ,13,10,7
Q5ZMI0,15,7,12,11,21,15
Q5ZMN1,15,9, ,18,13,20
F1NU56,15,8,6,15,12,18
R4GMD9,15,3,5,3,3,5
Q9PV94,15, ,6,17,9,15
E1C6N0,15,10, ,14,12,13
R9PXM6,15, ,6,17,9,15
Q5ZKQ2,15,11, ,19,15,18
E1C4N0,15,9,9,20,18,15
E1C123,15,7,8,9,19,16
R4GKA1,15,3, ,2,4,6
P67883,15,9,8,22,16,28
F1NW87,14,9, ,18,22,15
E1BRE5,14,9,3,9,22,16
Q5ZM33,14,17, ,19,20,22
F1NP98,14,5,4,16,14,13
F1N8H6,14,17, ,19,20,22
E1C245,14,5,2,22,21,20
E1BQH2,14,9, ,14,26,12
F1NH65,14,13, ,15,15,14
E1BZG2,14,6, ,16,6,8
E1C9F5,14,5,6,12,4,11
F1NI02,14,7,5,12,15,9
E1BST9,14,8, ,17,16,14
F1NKW9,14,7,5,10,14,15
F1NNU7,14,6,4,7,5,9
E1BS15,14,9,5,14,12,20
F1NY17,14,2, ,16,39,25
F1NFW0,14,13,4,17,17,21
Q5ZJ81,14,9,9,19,18,16
Q6DV79,14,6,2,15,11,9
F1NI19,14,6, ,9,8,8
F1NPA2,14,3, ,15,11,12
E1C2E3,14,12, ,24,28,20
P23991,14,4, , , , 
F1P0C8,14,3, ,9,9,2
E1C333,14,4, ,10,13,7
F1N9J1,14,11, ,10,8,9
Q5ZIE0,14,15,7,19,12,17
E1BUW6,14,4, ,9,13,13
E1BYP0,14,5,6,19,32,17
F1NXV6,14,10, ,14,23,20
R4GL59,14,7, ,11,6,7
P61355,14,4,12,14,7,14
Q5XNV3,14,7, ,12,15,12
Q5ZJV3,14,7, ,17,15,20
E1C009,14,6,6,9,12,11
F1P0L2,14,5,4,11,11,10
H9L167,14,7,5,6,5,6
E1BUZ0,14,11, ,13,21,17
E1BS94,14,3,4,11,9,8
Q6IEC5,14, , , , , 
H9L166,14, ,11,9, ,4
F1P3C8,14,12, ,13,18,20
Q5ZJJ9,14,11,7,15,17,10
F1NHK3,14,11,7,15,17,10
Q5ZHR7,14,10,12,13,12,17
Q5F470,14,9,8,10,15,14
Q8JG30,14,8, ,14,5, 
F1NPM7,14,5,6,8,11,9
F1NSW0,14,8,7,10,7,10
F1NYE5,14,4,4,8,6,6
R4GGZ9,14,11,8,15,18, 
F1NKT5,14,11,8,15,18, 
G1K316,14,8,8,21,14,24
Q5ZKC1,13,8, ,13,14,11
Q5F499,13,5, ,9,6,9
R4GJ94,13,5, ,9,6,9
F1NPH9,13,5,4,13,11,10
E1C7T8,13,7, ,18,13,25
F1N8M4,13,5, ,9,6,9
F1NHL4,13,13, ,11,6,8
E1C6G6,13,10,5,14,12,15
E1C7F8,13,8,5,15,7,12
E1C6G9,13,6, ,12,16,10
E1BVX9,13,8, ,16,10,13
R4GJ34,13,7, ,8,10,13
F1P0Y0,13,7, ,8,12,13
Q5ZMQ7,13,4,3,9,13,5
Q5ZLT0,13,4, ,11,18,4
F1NFR4,13,4, ,11,18,4
F1NDA9,13,5,4,12,12,11
E1BSA7,13,7,3,13,10,16
F1NXV4,13,9, ,13,10,16
E1BW20,13, , , , , 
Q5ZM76,13,6, ,12,13,8
E1C8P2,13,11, ,13,15,12
F1P0W8,13,3, ,12,12,5
F1NIE3,13,9,3,23,20,20
Q5ZMB2,13,6,6,15,12,16
E1BTS2,13,11, ,10,19,14
E1BX03,13,7,5,17,11,16
P84169,13,3,5,13,14,7
Q6R748,13,6,6,15,19,17
F1NXW3,13,6, ,21,10,12
F1NHD1,13,9, ,14,15,19
E1C902,13,9, ,8,10,12
E1C2R6,13,3,5,12,14,7
F1NHE0,13,9, ,15,15,19
E1BQZ7,13,4, , , , 
R4GIN3,13,13,4,15,8,11
F1NZV7,13, , , , , 
E1C516,13,7, ,9,7,7
F1NTT1,13,6, ,19,9,12
R4GK41,13,4, ,4,7,9
F1NBA0,13,6,6,14,20,15
F1NCE1,13,10, ,11,11,11
F1ND13,13,6, ,19,9,12
Q2LK96,13, , , , , 
P41125,13,14, ,15,17,10
R4GIN8,13, , ,8,13,7
F1P1J7,13,9, ,13,12,11
F1NI80,13,4, , , , 
E1BZ86,13,9, ,13,12,11
F1P2D2,13,7,5,12,19,13
E1BVX5,13,6,10,13,14,15
F1NZW1,13,6, ,19,16,14
E1BYL1,13,22,10,21,24,30
R4GG07,13,10,8,17,20,8
F1NPU8,13,5, ,9,12,12
E1C0S4,13,13, ,17,7,14
E1C2L5,13,6, ,18,10,18
Q5ZIF0,13,6, ,11,10,13
Q98TF7,13,6,4,5,7,8
P27003,13,23,6,22,20,33
P25324,13,17, ,14,25,14
H9KYU8,13,17, ,11,16,14
O93468,13,14,11,19,18,14
F1NYC0,13,6,4,5,7,8
F1NMZ9,13,5, ,8,5,8
P09540,13,8, ,20,11,13
F1NCU5,12,7, ,13,15,7
F1NG08,12,6,4,8,6,6
O42131,12,8, ,20,9,15
R4GM83,12,2, ,8,10,7
E1BZ19,12,8, ,20,9,15
F1NYG7,12,7, ,8,22,6
F1NBE3,12,4,4,15,24,10
F6SKR2,12,2, ,3,5,4
F1NLV6,12, , ,4,10,5
Q5ZM91,12,2,4,6,6,5
O42414,12,2, ,16,35,24
Q5ZJJ2,12,3,3,8,8,8
Q6U7I1,12,7,5,11,17,9
F1P1U6,12, , , , , 
E1BT18,12,8,2,8,11,12
F1P574,12,7,4,9,7,9
F1NSJ4,12,2, ,14,28,21
F1NSE3,12,5, ,2,5,3
Q5ZMB9,12, , ,2,3, 
Q5ZJV0,12,6, ,11,8,12
F1NZD3,12,4, ,7,14,5
F1NK88,12,7, ,6,27,11
F1P4U4,12,7,5,11,19,10
F1NVC0,12,2, ,16,35,24
H9L164,12,6, ,11,11,8
F1NPU2,12,5,6,9,4,10
F1NSJ3,12,2, ,16,35,24
F1NY14,12,2, ,14,28,21
Q5F352,12,8,7,6,17,9
Q5ZLR5,12,8, , ,7, 
F1NNW2,12,7, ,9,8,5
F1NVE5,12,6, ,15,16,14
H9KZD2,12,2,3,10,13,8
F1P4G0,12,4,3,6,9,6
F1P0Z7,12,3, ,10,12,9
E1C929,12,7, ,15,14,9
F1P4U8,12,6, ,7,8,9
P08642,12,10, ,8,19,12
E1C8N1,12,24, ,67,8,30
Q5ZL37,12,4, ,6,23,8
F1NZX7,12,14, ,16,21,17
F1NAM7,12,8, ,14,11,7
F1NF35,12,4, ,10,12,9
E1BT96,12,65, ,103,20,46
E1BVC2,12,3, ,3,4,2
F1N9B7,12,10,3,12,10,11
F1NCJ8,12,6, ,12,12,10
F1P5I8,12,7, ,14,7,18
E1BUS2,12,7, ,12,12,10
R4GFV9,12,8, ,17,15,13
E1BST4,12,6, ,20,23,14
R4GJK0,12,6, ,9,6,11
Q5ZKJ9,12,2,2,8,7,9
O93325,12,10, ,15,11,14
R4GGD5,12,14,8,14,8,10
P33879,12,8,4,8,18,13
Q5ZJN2,12,6,2,11,23,10
F1NYU0,12,9, , , , 
R4GLK4,12,9,3,12,11,10
Q5ZJF1,12,6,5,11,11,7
H9KZT7,12,4, ,9,10,9
F1NLE4,12,10,6,13,7,11
H9L0C4,12,10,5,12,12,10
F1N8I3,12,7,5,19,23,17
F1NV37,12,2,2,6,8, 
F1NGL6,12,5,10,12,8,8
F2Z4K6,12,9, ,6,5,7
R4GKG6,12,6, ,18,6,17
F2Z4L4,12,5,7,10,18,10
P17790,12,6,7,14,19,15
P0CG62,12,3,5,7,10,5
E1C6J9,12,14,10,30,8,27
F1NF89,12,13, ,11,8,14
F1P241,12,8,9,16,10,11
R4GMB8,12, , , , , 
F1NG44,12, ,7,6,6, 
H9KZP4,12, , ,6,36, 
Q5F4C5,12,7,5,10,15,15
F1NY38,12,11,10,18,7,17
P24479,12,8,5,13,7,10
F1P2H5,12,36,31,31,22,33
F1NMB2,12, , , , , 
E1C6R4,11,4, ,8,9,6
O93378,11,3,4,13,16,10
F1NBJ7,11,4, ,8,8,6
F1NEF8,11,6, ,11,6,6
E1BRI3,11,4, ,11,8,12
F1NYT3,11,4, ,9,14,10
F1NVF0,11,9,4,20,25,18
E1BS97,11,4,3,6,8,8
E1C1V3,11,2, ,16,7,13
F1NG00,11,13, ,22,11,16
R4GM88,11,4, ,13,8,9
P12957,11,5,4,30,17,16
Q8AYD0,11, ,5,8,11,10
Q5ZIK9,11,7,7,14,10,13
Q9PW38,11,2, , ,4,5
F1NT51,11,5,4,30,17,16
E1C8W3,11,9, ,12,11,9
E1BQA5,11,6,4,11,12,9
E1C4H4,11,28, ,20,11,22
H9KZV9,11,5,6,10,13,3
F1NK59,11,5,2,8,15,10
E1BZJ9,11,3, ,8,7,6
E1C756,11,2, ,3,3,5
F1NH54,11,4, ,7,7,3
R4GM79,11,5, ,16,10,15
F1NPT1,11,5, ,16,10,15
E1BQ86,11,5, ,7,10,9
E1BVP6,11,2, ,5,12,8
E1BY97,11,14, ,21,15,19
F1NMB9,11,4,4,12,11,14
R4GJ59,11,7, ,12,15,11
Q5ZM56,11,4, ,11,12,6
Q5ZM44,11, ,3,6,18,11
Q6IVA4,11,5,2,16,7,9
E1C8J2,11,6,2,11,7,9
F1NR71,11,2, ,11,12,12
F1P2R3,11,8, ,13,19,10
H9L1A3,11,5,4,7,10,8
E1C1B8,11,5,3,12,12,15
E1C378,11,9,7,6,6,8
F7BWA2,11,8, ,7,6,8
F1NQ79,11,5,2,16,7,9
Q5ZIR1,11,6,4,13,6,10
F1NIQ9,11,6, ,12,18,12
P21760,11, , , , , 
Q01635,11,8, ,10,11,7
H9KYR2,11, , , , , 
E1C0K1,11, , , , , 
F1NT40,11,5, ,15,8,7
E1BTY4,11,8,4,15,11,8
E1C8F7,11,10,4,10,12,10
F1NMT5,11,6,6,7,8,9
F1NBX4,11,10, ,11,11,13
F1NYI2,11,12, , , , 
P51971,11,6, ,7, ,8
P02610,11,7, , , , 
R4GLE6,11,6, ,7, ,8
E1BRL4,11,9,4,21,20,18
P21868,11,13, ,14,12,13
F1NW48,11,4,4,14,19,12
F1NG69,11,2,3,15,21,8
P26584,11,4, ,6,7,9
Q6ITC7,11, , ,5,4,7
R4GG31,11,2,3,13,4,9
R4GIH4,11,5,4,7,11,10
E1BQN0,11,3, ,9,10,6
F1NII6,11,6,3,10,8,8
F1NZW7,11,19, ,25,11,28
A0A0A0MQ61,11,5,3,9,7,4
F1NLH9,11,6,4,7, ,5
R4GH86,11,7, ,8,7,8
Q5ZHW4,11,6, ,10,9,10
F1NH93,11,9,4,4,15,12
P32046,11,6,6,12,14,7
F2Z4M7,11,6,6,12,14,7
F1NNV2,11, ,7,10,27, 
H9KYT4,11, ,10,7, ,3
R4GFL5,11, , , , , 
Q5ZJG3,11, , ,15,13, 
F1NKX2,10,4, ,12,8,10
F1P420,10,11, , , ,2
F1NA55,10,6, ,8,10,8
F1NMM7,10, , ,14,14,9
Q5ZM35,10,6, ,8,9,7
E1BV80,10,3, ,10,11,7
Q5QRU7,10,5,2,10,6,9
R4GKT6,10,4,2,16,14,13
R4GKZ1,10,4,2,16,14,13
E1C5G2,10,2, ,8,5,12
E1C8Q3,10,36, ,37,19,30
P35915,10,2, ,6,3,5
F1NWD1,10,2, ,6,3,5
F1P1E7,10,2, ,6,3,5
E1C8A2,10,2, ,6,4,4
Q5ZI67,10,5, ,9,5,6
F1NF80,10,7,2,9,17,8
E1BZD8,10,7, ,12,8,8
F1NU16,10,9,2,11,10,9
F7BYG6,10,10,3,11,7,10
F1NKY6,10,9,3,7,15,16
Q1G1I6,10,5, ,4,12,7
E1C958,10,2, ,3,11,4
E1C1Q6,10,7, , , , 
F1N872,10,6,4,14,10,10
R4GI41,10, ,2,11,16,5
E1C319,10,7, ,10,8,10
F1NFT6,10,10, ,13,11,11
Q5F334,10,18, ,19,11,17
Q91957,10,15, , , , 
E1BU33,10,8,3,14,12,14
E1C477,10,10,3,11,5,11
R4GFN8,10, ,7,3,4, 
R4GFN2,10, ,4,7,9,6
E1BWS3,10,3, ,10,8,7
F1NBA8,10,9, ,9,7,9
F1NPP8,10,5,2,6,12,8
F1NGY5,10,4, ,15,13,13
F1NU90,10,18, ,19,10,17
Q9I882,10,25, ,17,10,13
E1BZ74,10,3, ,7,9,3
F1NUI2,10,16, , , , 
E1C680,10,16, , , , 
E1BQR6,10,6, ,9,8,8
Q5ZJA2,10,11, ,8,7,6
O73775,10,9, ,33,18,21
F1N8G6,10,8,3,15,15,10
F1P0W1,10,11, ,10,8,6
F1NX60,10,9, ,33,18,21
Q5ZKA4,10,7, ,14,8,8
O73888,10,4, ,6,6,6
Q679P3,10,3, ,19,4,6
Q5ZK05,10,6,2,11,4,9
F1P0R5,10,8,5,9,9,3
F1P006,10,6,2,11,4,9
E1BYW3,10,3, ,8,8,5
R9PXN7,10,4, ,8,7,7
F1NZ24,10,5, ,8,5,6
F1NFT8,10,7,5,18,9,19
E1BSD9,10,7, ,7,6,4
F1NGH1,10,4, ,9,13,10
R4GKC8,10,3,2,17,4,7
E1BS67,10,2,2,9,11,6
E1BQQ5,10,6, ,17,11,14
F1NV68,10,4, ,13,11,6
F1N8G9,10,6, ,19,12,14
F1P5V9,10,7,3,17,16,11
Q5F4B1,10, , ,3,5,3
R4GHI6,10,9, ,11,14,14
Q05423,10,2, ,14,11,12
Q5ZI49,10,7, ,10,8,8
F1NHI4,10,4, ,5,3,5
F1NE00,10,8,4,9,13,13
F1N9S2,10,5,3,3,5,3
H9L369,10,3, ,10,9,7
E1BVB1,10,6,7,9,15,13
Q5ZIZ4,10,6, ,4,5, 
P30352,10,7, ,10,7,7
E1BWI3,10,12, ,14,8,17
F1NCR3,10,6, ,4,5, 
Q5ZHV1,10,6,4,6,5,8
P02127,10, , ,10,13,11
P47807,10,7,6,12,15,13
Q07212,10,12,8,26,6,21
Q5ZIP7,10,5,3,15,10,6
F1NSI3,10,7,5,8,9,7
Q5ZKF5,10,4,5,13,14,13
F1NAF3,10,6, ,7,7,9
F1NKG5,10,3,4,6,5,6
E1BU66,10,14,10,21,14,24
R4GF89,10,3,5,10,14,13
Q6R2T1,10,2, ,15,19, 
E1BWJ5,9,5, ,13,15,15
F1NIP6,9,6, ,8,11,11
Q5ZHY2,9,6, ,8,11,11
F1NLR1,9,2, ,4,10,7
F1NA45,9,5, ,12,5,10
F1NZP0,9,5, ,5,8,3
E1C6A2,9,4,3,8,7,10
F1NDN5,9, , , ,3,2
R4GKU1,9,6, ,11,11,15
F1N868,9,3, ,11,3,9
F1NPG7,9,5, ,12,13,16
F1NPR8,9,4, ,11,14,14
F1NCB0,9,4, ,8,7,6
E1BSF5,9,7, ,4,13,7
H9KZK0,9,6, ,8,11,6
F1P156,9, ,5,6,3,7
Q5ZL00,9,7, ,8,13,10
Q90744,9,4,2,11,5,9
R4GKF1,9, ,2,6,2,3
F1P187,9,2, , ,3,5
F1NBZ7,9,8,4,10,4,6
F1P4X5,9,7, ,8,4,7
F1NEQ4,9,8, ,22,31,22
E1BSN3,9,6,3,7,2,13
E1C2H4,9,2, ,8,9,6
F1NJF8,9,4,2,11,5,9
E1BR36,9,10, ,19,13,14
E1C312,9,5,4,9,12,13
E1BYW9,9,5, ,9,11,4
F1NUF8,9,9, ,5,15,15
F1N8I0,9,9, ,12,7,10
E1BTQ9,9,4, ,7,5,5
O73664,9,3,3,6,3,7
Q5ZMG7,9,5, ,8,8,7
F1NAQ8,9,4,2,11,5,7
Q5ZMP7,9,7, ,11,13,10
F1NZC2,9,7, ,11,13,10
Q5ZMN0,9, ,4,6,3,7
P15575,9, , ,14,28,12
Q5ZKB9,9,3,3,9,10,11
Q90687,9,8, ,10,7,11
F1P4D9,9,3,2,12,11,7
F1NAS0,9, ,4,3,8,3
E1C8R1,9,3,3,9,10,11
Q5ZL03,9,3, ,5,6,5
Q5ZJ49,9,3, ,4,6,5
F1NN51,9,10, ,5,4,3
F1P3M6,9,5, ,9,5,6
F1NWG2,9,5,3,9,4,4
E1C9J2,9,4, ,5,7,8
E1C2V9,9,8, ,9,7,10
R4GL60,9,5,2,6,11,8
Q5ZK63,9,8, ,10,8,10
F1NPJ8,9,10, ,8,7,11
E1C9H5,9,2,2,3, , 
Q5F4B9,9,3, ,7,7,5
F1NIN2,9,10,4,17,9,13
E1BT82,9,5,6,9,8,12
Q5ZI23,9,6, ,11,13,9
F1NI04,9, ,2,4,6,6
F1NGR8,9,5, ,10,18,8
G1K303,9,6, ,11,13,9
E1C250,9,4, ,12,18,7
P01038,9,7,5,8,8,5
Q5ZI13,9,4,4,8,6,8
Q91348,9,3, , ,2, 
P62846,9, ,4,10,8,11
F1N9Y8,9,5,2,6,14,2
F1NCI5,9,4,5,15,7,11
F1NHH1,9,6,5,12,10,6
F7B5S0,9,5,3,7,7,9
Q5ZIH1,9,5,3,13,10,8
E1C769,9,6, ,7,5,10
F1P053,9,4,4,8,6,8
F2Z4M3,9, ,4,10,8,11
F1NL81,9,5,5, ,3, 
R4GGW3,9,3,4,9,11,10
R4GLT1,9,7,5,8,8,5
Q02960,9,7,4,12,6,10
Q5ZHM8,9,5,3,9,6,7
F1NC27,9,6, ,12,16,10
F1NUW5,9,4,6,5,10, 
E1BVU6,9,9,8,13,12,12
R4GF85,9,5,2,7,19,8
E1BSM9,9,8, ,9,8,15
F1NAX3,9,2, ,3,3,3
R4GI26,9, ,4,6,14,12
E1BW06,9,2,2,2,5,4
R4GJZ4,9,9, ,11,20,10
R4GIM2,9,6, ,11,12,14
F1NZ68,9,6, ,11,6,6
F1NUA2,9,6,3,20,21,16
F1P011,9,8, ,6,8,5
F1NGS8,9,8, ,6,8,5
R4GMF9,9,5, ,4,6,4
R4GFY8,9,31,13,6, ,28
E1C602,9,31,13,6, ,28
122361,9, ,11,17,22,19
P11183,9,5,3,4,10,7
R4GM84,9,5,3,4,10,7
F6SQB5,9,11,4,7,5,6
F1NRP8,8,4, ,25,19,24
R4GL09,8,5, ,8,3,6
O42184,8,3, , ,6, 
E1BXY1,8,24, ,13,15,7
E1BTB7,8,8, ,12,12,10
E1C6A9,8,6,2,5,11,10
F1NIU3,8,8, ,26,19,29
F1NPI6,8,5, ,10,7,8
Q5ZJA5,8,9,4,13,13,10
R9PXL8,8,3, , ,6, 
F1NQQ1,8,2, ,5,4,4
R4GFT6,8,9, ,14,21,18
F1NKV0,8,4, ,9,8,8
F1NRQ6,8, ,2,16,17,13
R4GG03,8, , , , , 
F1NYK3,8,2, ,6,10,7
D3KCC4,8,8, , , , 
Q5F4B2,8, , ,9,4,4
P46936,8,6, ,13,11,12
F1NIE8,8, , ,6,4,2
E1BYU8,8,6, ,12,7,7
E1C5J0,8,2, , , , 
E1BTL0,8,5, ,4,3,3
E1BXC8,8,2, ,8,22,6
F1N903,8,7, ,9,8,8
F1NSW3,8, ,2,10,15,5
F1NL71,8,8, ,13,11,14
Q92071,8,3, ,17,8,17
F1NE68,8,5,3,2, , 
E1BW83,8,6, ,14,9,11
F1N8E4,8, , ,9,4,4
F1NLH8,8,9, ,6,6,5
Q5ZL77,8,3, ,6,10,15
E1C4B8,8,6,3,9,14,8
F1NX21,8,16, ,11,8,10
Q5ZL26,8,3, ,10, ,8
Q5F3I0,8,18, ,13,6,11
E1C2C2,8,5, ,4,8,5
E1BXR1,8,2, ,7,4,7
F1NZC6,8,3, ,10, ,8
H9L041,8,2, ,6,5,5
E1C8E4,8,6, ,3,5,4
F1NZP8,8,6, ,6,12,10
Q5ZMI9,8,3, ,6,5,3
F1N9H8,8,18, ,13,6,11
R4GFJ7,8,2,2,7,5,5
R4GGM5,8,4, ,15,17,15
E1BYF5,8, , ,4,11,2
E1C6C0,8, , ,9,5,7
Q5ZLW1,8,11, ,20,10,18
P07850,8,7, ,4,6,4
E1BWL4,8,5, ,10,9,6
F1P3M9,8, ,2,8,15,10
Q08393,8, ,2,4,4, 
F1P0Z3,8,4,5,13,6,9
Q5ZIY5,8,4,4,12,7,5
Q90611,8,8, ,25,13,14
Q5ZLN5,8,5, ,12,5,8
Q5ZJH5,8,6, ,17,7,18
E1C165,8,3,4,11,11,8
E1BSR3,8,2,2,5,7, 
F1NBY1,8,5, ,12,5,8
F1NXT5,8,6, ,6,11,8
F1NNN2,8,4,4,12,7,5
F1NN78,8,4, ,3,9,4
Q5ZL83,8,8, ,8,9,9
Q5ZJT7,8,4,5,6,7,6
F1N8D9,8,4,3,6,5,12
E1C6P4,8,2, ,3,2, 
R4GMJ4,8,2, ,4,3,7
P27042,8,2, ,4,5,3
P41263,8,5, ,22,14,15
F1N9P7,8,5, ,8,7,9
F1NB26,8,6, ,6,6,8
R4GGP6,8,4,3,3,6,5
F1NME2,8,4, ,8, ,7
F1NDN6,8,2,3,5,6,4
F1P0P3,8,5,4,7,8,6
F1P5H6,8,2, ,4,5,3
P79784,8,3, ,9,16,8
F1NG83,8,5,7,8,4, 
F1NUT5,8,5, ,6,12,5
F1NYI0,8,2, ,2, , 
F1NNP6,8,10,3,4,10,7
E5G6H7,8,5,7,8,4, 
F1N9J3,8, , ,4,4,6
F1NW95,8,3, ,7,8,6
P17923,8,4, ,12,5,14
P17926,8,8,3,14,5,16
Q98TF6,8,9, ,10, ,15
P47832,8,5, , , ,2
F1NT77,8,4, ,12,5,14
F1NVX7,8,4, ,16, ,15
R4GJC0,8,8, ,8,11,10
F1NT85,8,4, ,12,4,13
Q90927,8,4, ,12,5,14
D2D3P4,8, , ,4,7,8
Q5ZJW2,8,4, ,5,6,5
H9L0D7,8, , ,7,7,4
R4GIK6,8, ,3,3,7, 
Q800K9,8, , ,8,8,5
R4GKB8,8,4, , ,5, 
F1NLM5,8,10,3,8,7,8
R4GGJ5,8, , , , , 
F1NZ93,8,2, ,3, ,3
E1C552,8,3, ,5,10,5
E1C538,8, , ,4,3, 
Q5ZMI5,8, , , ,6, 
F1NLC7,8,3,2,3,4,5
E1BXJ0,8, , ,5,3,8
E1C6B2,8,2, ,8,7,6
Q90688,8, , , , , 
R4GGU4,8,6, ,9,9,13
R4GIK2,8, ,3, , , 
F1P1G4,8, , ,5,6,9
E1C105,8,5,4,4,5, 
R4GKE0,8,4, ,10, ,12
P15979,8, , , , , 
Q5ZIH4,8, , , ,3, 
F1NBZ9,8, , , , , 
Q5ZM57,8, , ,2, , 
F1NA97,8,6,3,13,12,12
F1NTP4,8, , ,2, , 
F1N9N4,8, , ,9,8,7
F1NRD4,8, , ,7,12,4
E1BWT5,7, , ,4,4,6
E1C7J0,7, , ,7,12,9
F1NJL0,7,4, ,13,8,13
E1BSV1,7,5, ,4,5,4
F1NJR5,7, , ,19,19,21
F1N914,7,7, ,16,7,15
F1NUB2,7, , ,4,4,6
Q5ZK62,7,2,2,10,9,11
P13914,7,2, ,6,8,5
Q5ZKD7,7,2, ,2,5, 
E1C2F7,7,7,2,6,9,5
F1NBV7,7,4, ,15,13,12
F1NHI3,7,3, ,8,9,10
F1NY41,7,6, ,5,5,5
F1NNW1,7,2, ,2,5, 
F1NT11,7,2, ,6,13,9
R4GHG6,7,8, ,9,4,7
E1C837,7,3, ,7,13,7
F1P490,7, , , , , 
F1NPQ0,7, , ,7,17,9
F1NN41,7,9, ,16,10,20
E1BZY8,7,6, ,11,11,14
F1NAY8,7,6, ,12,9,7
F1NH35,7, , ,5,2,6
F1NG96,7,2,2,10,9,11
Q10751,7,3,3,21,27,27
F1NYM0,7,3,3,21,27,27
Q5ZME3,7,5, , , , 
E1BTV1,7,3, ,5,11,9
F1NED1,7, ,2,11,18,7
P30997,7,3, ,6,4,6
Q5ZJH2,7,7, ,9,5,8
E1BTV0,7,5, ,5,3,5
E1BT38,7,4,2,7,9,5
E1BX21,7,4, ,6,4,6
H9L023,7,9, ,9,6,9
F1NTG9,7,8, ,6,4,6
R4GI96,7,4, ,9,2,13
F1NX57,7,6, ,7, ,4
E1C2U6,7, ,3,5,3, 
F1NWE5,7,2, ,7,4,3
R4GFV6,7,8, ,8,11,12
E1C1A4,7, , ,6,4, 
F1N9G6,7, , ,2,3,3
H9KYV1,7,4,2, ,2,4
Q5ZJR7,7,2, ,4,3,4
Q9DEQ5,7,7,3,14,5,12
Q5ZI54,7,3, ,6,10,7
Q5ZIZ6,7,5, ,15,7,7
F1P1A8,7, , ,6,6,5
R4GLH7,7,2, ,3,3,3
E1C928,7,6, ,6,4,5
F1NXW6,7, , ,7,15,6
E1BYT2,7,3, ,7,6,3
F1P3V4,7,6, ,6,8,9
F1NDA0,7,6, ,7,6,3
F1NR46,7,3, ,9,4,7
F1NM31,7, , , , , 
F1P212,7,3, ,6,9,8
E1C297,7,2, ,4,2,3
F1NB92,7,3, ,12,13,12
R4GI85,7,3,2,13,4,5
F1NRR4,7,13, ,35,10,28
E1C7L3,7,4, ,13,13,12
Q5ZKQ8,7, ,4,7,6,7
P56519,7,5, ,9,7,10
P79764,7, , , ,5,3
Q5ZID0,7, , ,6,2,3
E1BVB0,7,3, ,7,6,5
H9L0U6,7,9, ,11,12,11
F1NQG5,7,2, ,3,9,4
F1NZH6,7, ,3,4,7,3
F1NSI8,7, ,4,7,6,7
F1P171,7,3, ,5,5,4
F1NM39,7,5, ,10,10,11
E1BS96,7,5, ,11,3,7
F1NN74,7,4,2,8,15,7
F1NF25,7, , , , ,5
R4GFU2,7,2, ,10,3,5
E1C4Q3,7,6,2,5, ,4
E1BYF1,7,3,3,9,6,9
F1NG46,7,3,2,4,4,8
F1NBA4,7, , ,2,6,3
Q5ZMH8,7, , ,9,9,7
F1NG23,7,4,2,6,5,5
F1NPS0,7,6,3,10,9,8
R4GFR7,7,10, ,6,6,12
P50460,7,3, ,8,4,9
E1C4M3,7,4, ,5,18,7
F1NY51,7,8, ,7,5,5
E1C6U2,7,16, ,26,11,23
E1C4C6,7,2, , , , 
R4GMC8,7,3, ,8,4,9
E1BZL0,7,3,2,6,12,4
F1P0P4,7,9, ,9,11,10
F1NY54,7, ,3,9,9, 
E1C7E1,7,8, ,6,6,6
F1NRH6,7,2,3,6,10,7
F1P531,7,3, ,3,4,2
R4GJL1,7, , ,12,6,8
F1NHD8,7,2, ,6,5,7
Q5ZIF1,7,9, ,15,18,11
Q5ZML4,7, , ,4, ,3
R4GI74,7, ,2,3, , 
F1P5X5,7,3, ,5,7,4
R4GIX7,7,3,3,5,5,5
Q5ZLA5,7,3, ,6,9,6
Q5ZIL2,7,4,3,6,6,7
F1NNQ3,7,4,3,6,6,7
F1NRQ2,7, , ,6,3,7
E1BVC3,7, ,2,4,5,5
F1NZM1,7,3, ,6,11,7
E1C2F2,7, , , ,3, 
F1NZB7,7, ,6,5,10,5
F1NPL2,7,8, ,13,11,12
F1NIG7,7,4, ,7, ,8
F1NE11,7,5, , , , 
F1NMQ3,7,3, , ,2, 
F1NTT2,7,6, ,7,9,11
Q5ZLH9,7, , ,7,9,8
P81475,7,14, ,14,14,13
P01875,7,2,2,6,8,14
R4GIC4,7, , ,5,5,4
E1BTH9,7,2,2,8,6,6
F1NIQ4,7, , ,6,5,5
Q5ZL58,7,4, ,6,4,5
E1C0W7,7,4, ,10,12,4
P79996,7, ,4,5,4, 
Q5ZKB0,7, ,5,15,6,5
P63283,7,4,3,10,5,7
H9L1D5,7, , , , , 
R4GKU9,7,6,3,3,6,6
F1P5G5,7,7,4,7, ,13
Q9DG28,7, ,3,5,6, 
F1NYD5,7, , , , , 
E1BVN0,7,7,4,7, ,13
R4GH81,7, ,3,5,6, 
F1P3R0,7, ,3,5,6, 
F1NVF4,7, , , ,9, 
Q8AWB4,7, , ,3,3,2
E1BS74,7, ,3,5,6, 
F1NSJ5,7,2,3,4,3,4
Q6XFR0,7,2,3,4,3,4
Q6XFR1,7,2,3,4,3,4
F1NSR8,7, ,2,8,4,7
Q5ZJ00,6,5,3,13,11,8
Q5ZJ64,6,4, ,7,7,3
Q5F408,6,3, ,7,8,10
Q5ZJ02,6,3, ,9,11,8
F1P1E0,6,3, ,7,8,10
F1P1D9,6,3, ,7,8,10
F1P070,6, , , , , 
E1C1C3,6,3, ,4,12,8
F1P199,6,2, ,4,10,8
F1NYG0,6,7, ,10,10,13
O73790,6, , ,3, ,2
Q5ZL34,6,4, ,8,8,6
E1BRI2,6,9, ,11,12,13
R4GLW2,6,9, ,11,11,13
F1NGU9,6,4, ,8,8,6
E1C303,6,3, ,3,3,3
Q5ZLS7,6,6, ,11,12,5
P01012,6, , , , , 
Q5ZJN4,6, , ,3,4, 
A0A140T8F5,6, , , , , 
F1P1B5,6,2, ,3,9,3
F1N854,6,4, ,14,6,9
F1NZF7,6,6, ,9,15,9
F1NV15,6,5, ,9,8,7
F1NFS3,6,6, ,11,12,5
R9PXP5,6, , , , , 
E1C740,6,12, ,8,10,9
F1NG89,6, , ,3,4, 
E1C396,6, , ,5,11,6
F1NX46,6,6, ,10,15,10
R4GLV0,6, , ,5,4,5
F1NZ49,6,6, ,11,11,10
F1NRW3,6, , ,4,8,4
Q5ZLA7,6, , ,5,7,12
Q5ZI93,6,7, ,8,19,5
Q5ZHQ3,6,5,3,4,9,2
Q5F387,6,2,2,8,9,6
E1BTM1,6,8, ,13,8,13
R4GF59,6,7, ,10,17,8
E1BRG6,6,6, ,10,15,10
E1C8Z9,6,4, ,5,9,6
H9L0E0,6,5, ,9,7,9
E1BZS8,6,9, ,12,8,15
F1NJ94,6, ,2, ,7,2
E1C9E5,6, , ,7,8,5
F1NNE7,6,4,2,2,8,4
E1C0C3,6,6, ,13,8,9
E1C2S3,6,2, ,5,12,6
R4GHJ7,6,5, , , , 
Q5F337,6, ,3,5,5,7
F1NDD6,6,3,2,8,7,7
E1C2I3,6,7,4,9,10,8
Q5ZML0,6,2, ,4, ,3
Q5ZJU3,6, , ,2,3,3
Q5ZKK1,6,3, ,6,7,5
Q5ZJL5,6, , ,2,4, 
Q04678,6, , ,5,5,3
Q02977,6, , ,7,5, 
E1C218,6,2, ,9,5,8
F1NWF6,6, , ,2,3,3
E1C8U4,6, , , , , 
R4GLI9,6,4, ,9,7,9
F1P541,6,6, ,7,9,7
F1NVW3,6,3, ,7,4,4
F1NS23,6, , ,2,4, 
F1N9Y0,6,12, ,6,7,12
F1NVF2,6, , ,5,2,3
F1NSG1,6,16, ,19,7,15
F1NNV4,6,5, ,8,13,7
E1BUB5,6,10, , , , 
F1NLW2,6,3,2,6,6,6
E1C262,6,4,2,8,12,12
R4GKT0,6, , ,2,3,3
E1BZK3,6, , ,5,5,2
E1BRA6,6,5, ,7,11,8
F1P3E3,6, , ,4,4,3
F1NWQ6,6, , ,4,4,3
F1P2G2,6,2, ,4,9,3
Q5ZK71,6,2,3,4,2,4
B6ZLK1,6, , ,5,5,3
Q5ZLI7,6, , ,6,5,7
F1NZC0,6,10, ,9,12,7
R4GIY9,6,3, ,4,2,3
F1NMA3,6, , , , , 
F1NSR9,6,6, , , , 
F1NIT0,6,3, , , ,2
F1N851,6,5,2,11,8,6
F1NDV3,6, , ,6,3,8
P02521,6,3, ,5,8,4
Q07883,6,3, ,8,5,6
Q98TX3,6, , ,3,4,4
Q5F3J5,6,4, ,8,6,3
F1NP29,6,4,3,5,8,6
F1NIY3,6, , ,3,4,4
R4GGL4,6,2,3,6,5,4
A3R0S3,6,3, ,9,7,6
R4GKV3,6, , ,6,7,3
E1BRU3,6,8, ,4,6,4
E1BZN6,6,2, ,3,4,4
F1NU68,6,2, ,4,5,3
R4GFV2,6,2, ,7,4,6
F1NQG6,6,2, ,5,4,7
F1P014,6,5,2,9,4,5
E1BWA9,6,2,2,7,4,6
F1N869,6, , ,3,3,4
F1P0X7,6, , , , , 
P23228,6, , , , , 
F1N9T0,6, , , , , 
Q5ZK23,6, , ,4,4,4
Q9PVL6,6,7,4,10,7,10
P14791,6,3,3,5, ,4
Q05063,6,9, ,5,5,11
F1N8B6,6, , ,7,8,4
F1NEL2,6,8, ,18,12,10
F1NPD3,6, , ,2,13,8
F1NVA3,6,2, ,3,6,3
R4GJF8,6,4,3,9,3,7
F1P3S2,6,3, ,3, ,3
Q49B65,6, , , ,2, 
E1C050,6,7, ,9,5,5
F1NL98,6,2, ,3, ,4
H9L1C1,6,4,2,6,5,7
F1NLQ1,6, , ,3,6, 
F1NQF4,6,3,3,5, ,4
F1P334,6,4, ,7,3,4
E1BUN0,6,4, ,6,4,12
Q5ZIW8,6, , ,8,11,9
F1NGM2,6,4, , , , 
F1N808,6,4, ,9,7,9
E1BT61,6,6,4,9,13,8
F1NYK1,6,3, ,4,4,5
F1NVX8,6, , ,4,2,3
Q71SG4,6,5,6,12,10,8
Q71SG3,6,5,6,12,10,8
R4GK02,6,5,6,12,10,8
Q05713,6,8, , , ,2
P51887,6,79, ,44, ,39
Q90891,6, , ,5,4,7
F1NT78,6,3,3,11,2,11
E1C3B2,6, , ,4,5,4
R4GF79,6, , ,5,4, 
F1NLZ4,6,79, ,44, ,39
F1NP48,6, , , , ,13
F1NVJ6,6,7,2,5,4,7
E1BVN1,6, , ,3,3, 
E1C6V0,6,3, ,3, ,4
F1NYZ2,6, , ,6,4,7
F1P543,6, , ,8, ,9
Q5ZLP2,6, , ,4,3, 
F1NNC9,6, , ,4,3, 
P80565,6,3,4,23,34,14
F1NIS2,6,7,3,5,13,10
E1BZ00,6, ,3,5,5, 
F1NU14,6, ,4,6,7,8
E1BQL7,6, , , , , 
P04458,6,20,6,5, ,31
H9L3M4,6,20,6,5, ,31
H9KZM2,6,20,6,5, ,31
R4GLN9,6,20,6,5, ,31
P24802,5,9, ,24,12,14